CategoryLabelName,CategoryTextName,LabelName1,TextName1,LabelName2,TextName2,CosineSimilarity
/m/0138tl,Toy,/m/0167gd,Doll,/m/01j51,Balloon,0.5293357372283936
/m/0138tl,Toy,/m/0167gd,Doll,/m/029b3,Dice,0.4759517312049866
/m/0138tl,Toy,/m/0167gd,Doll,/m/02wmf,Flying disc,0.43858465552330017
/m/0138tl,Toy,/m/0167gd,Doll,/m/02zt3,Kite,0.4124937653541565
/m/0138tl,Toy,/m/0167gd,Doll,/m/0kmg4,Teddy bear,0.49923038482666016
/m/0138tl,Toy,/m/01j51,Balloon,/m/029b3,Dice,0.3774964213371277
/m/0138tl,Toy,/m/01j51,Balloon,/m/02wmf,Flying disc,0.5340421199798584
/m/0138tl,Toy,/m/01j51,Balloon,/m/02zt3,Kite,0.37323325872421265
/m/0138tl,Toy,/m/01j51,Balloon,/m/0kmg4,Teddy bear,0.47438496351242065
/m/0138tl,Toy,/m/029b3,Dice,/m/02wmf,Flying disc,0.4751982092857361
/m/0138tl,Toy,/m/029b3,Dice,/m/02zt3,Kite,0.4908313751220703
/m/0138tl,Toy,/m/029b3,Dice,/m/0kmg4,Teddy bear,0.40175554156303406
/m/0138tl,Toy,/m/02wmf,Flying disc,/m/02zt3,Kite,0.41629183292388916
/m/0138tl,Toy,/m/02wmf,Flying disc,/m/0kmg4,Teddy bear,0.4777252674102783
/m/0138tl,Toy,/m/02zt3,Kite,/m/0kmg4,Teddy bear,0.4425458312034607
/m/019dx1,Home appliance,/m/0174k2,Washing machine,/m/01k6s3,Toaster,0.5919367074966431
/m/019dx1,Home appliance,/m/0174k2,Washing machine,/m/029bxz,Oven,0.6523128747940063
/m/019dx1,Home appliance,/m/0174k2,Washing machine,/m/02pjr4,Blender,0.5475745797157288
/m/019dx1,Home appliance,/m/0174k2,Washing machine,/m/02wv84t,Gas stove,0.540015459060669
/m/019dx1,Home appliance,/m/0174k2,Washing machine,/m/02x984l,Mechanical fan,0.6021562218666077
/m/019dx1,Home appliance,/m/0174k2,Washing machine,/m/03qhv5,Heater,0.6174745559692383
/m/019dx1,Home appliance,/m/0174k2,Washing machine,/m/03s_tn,Kettle,0.5652264952659607
/m/019dx1,Home appliance,/m/0174k2,Washing machine,/m/03wvsk,Hair dryer,0.7484985589981079
/m/019dx1,Home appliance,/m/0174k2,Washing machine,/m/040b_t,Refrigerator,0.6427329778671265
/m/019dx1,Home appliance,/m/0174k2,Washing machine,/m/04169hn,Wood-burning stove,0.5573019981384277
/m/019dx1,Home appliance,/m/0174k2,Washing machine,/m/04lvq_,Humidifier,0.5300850868225098
/m/019dx1,Home appliance,/m/0174k2,Washing machine,/m/063rgb,Mixer,0.6296389102935791
/m/019dx1,Home appliance,/m/0174k2,Washing machine,/m/07xyvk,Coffeemaker,0.531092643737793
/m/019dx1,Home appliance,/m/0174k2,Washing machine,/m/0fx9l,Microwave oven,0.6492639780044556
/m/019dx1,Home appliance,/m/0174k2,Washing machine,/m/0ky7b,Dishwasher,0.7974499464035034
/m/019dx1,Home appliance,/m/0174k2,Washing machine,/m/0llzx,Sewing machine,0.8303817510604858
/m/019dx1,Home appliance,/m/0174k2,Washing machine,/m/0c3m8g,Hand dryer,0.7565156817436218
/m/019dx1,Home appliance,/m/0174k2,Washing machine,/m/03ldnb,Ceiling fan,0.5755981802940369
/m/019dx1,Home appliance,/m/01k6s3,Toaster,/m/029bxz,Oven,0.642747163772583
/m/019dx1,Home appliance,/m/01k6s3,Toaster,/m/02pjr4,Blender,0.5632282495498657
/m/019dx1,Home appliance,/m/01k6s3,Toaster,/m/02wv84t,Gas stove,0.5622111558914185
/m/019dx1,Home appliance,/m/01k6s3,Toaster,/m/02x984l,Mechanical fan,0.44927364587783813
/m/019dx1,Home appliance,/m/01k6s3,Toaster,/m/03qhv5,Heater,0.644699215888977
/m/019dx1,Home appliance,/m/01k6s3,Toaster,/m/03s_tn,Kettle,0.5447334051132202
/m/019dx1,Home appliance,/m/01k6s3,Toaster,/m/03wvsk,Hair dryer,0.570756733417511
/m/019dx1,Home appliance,/m/01k6s3,Toaster,/m/040b_t,Refrigerator,0.570213794708252
/m/019dx1,Home appliance,/m/01k6s3,Toaster,/m/04169hn,Wood-burning stove,0.5922386646270752
/m/019dx1,Home appliance,/m/01k6s3,Toaster,/m/04lvq_,Humidifier,0.4958878755569458
/m/019dx1,Home appliance,/m/01k6s3,Toaster,/m/063rgb,Mixer,0.6113992929458618
/m/019dx1,Home appliance,/m/01k6s3,Toaster,/m/07xyvk,Coffeemaker,0.524298369884491
/m/019dx1,Home appliance,/m/01k6s3,Toaster,/m/0fx9l,Microwave oven,0.5128554701805115
/m/019dx1,Home appliance,/m/01k6s3,Toaster,/m/0ky7b,Dishwasher,0.6147666573524475
/m/019dx1,Home appliance,/m/01k6s3,Toaster,/m/0llzx,Sewing machine,0.5559027194976807
/m/019dx1,Home appliance,/m/01k6s3,Toaster,/m/0c3m8g,Hand dryer,0.5432751178741455
/m/019dx1,Home appliance,/m/01k6s3,Toaster,/m/03ldnb,Ceiling fan,0.42769530415534973
/m/019dx1,Home appliance,/m/029bxz,Oven,/m/02pjr4,Blender,0.581877589225769
/m/019dx1,Home appliance,/m/029bxz,Oven,/m/02wv84t,Gas stove,0.6134059429168701
/m/019dx1,Home appliance,/m/029bxz,Oven,/m/02x984l,Mechanical fan,0.5368831753730774
/m/019dx1,Home appliance,/m/029bxz,Oven,/m/03qhv5,Heater,0.6629840135574341
/m/019dx1,Home appliance,/m/029bxz,Oven,/m/03s_tn,Kettle,0.5844904184341431
/m/019dx1,Home appliance,/m/029bxz,Oven,/m/03wvsk,Hair dryer,0.5718986988067627
/m/019dx1,Home appliance,/m/029bxz,Oven,/m/040b_t,Refrigerator,0.6438824534416199
/m/019dx1,Home appliance,/m/029bxz,Oven,/m/04169hn,Wood-burning stove,0.6505423188209534
/m/019dx1,Home appliance,/m/029bxz,Oven,/m/04lvq_,Humidifier,0.5186019539833069
/m/019dx1,Home appliance,/m/029bxz,Oven,/m/063rgb,Mixer,0.5804969668388367
/m/019dx1,Home appliance,/m/029bxz,Oven,/m/07xyvk,Coffeemaker,0.5415513515472412
/m/019dx1,Home appliance,/m/029bxz,Oven,/m/0fx9l,Microwave oven,0.7264291048049927
/m/019dx1,Home appliance,/m/029bxz,Oven,/m/0ky7b,Dishwasher,0.6065407395362854
/m/019dx1,Home appliance,/m/029bxz,Oven,/m/0llzx,Sewing machine,0.6335516571998596
/m/019dx1,Home appliance,/m/029bxz,Oven,/m/0c3m8g,Hand dryer,0.5684832334518433
/m/019dx1,Home appliance,/m/029bxz,Oven,/m/03ldnb,Ceiling fan,0.5452512502670288
/m/019dx1,Home appliance,/m/02pjr4,Blender,/m/02wv84t,Gas stove,0.4309419095516205
/m/019dx1,Home appliance,/m/02pjr4,Blender,/m/02x984l,Mechanical fan,0.47133368253707886
/m/019dx1,Home appliance,/m/02pjr4,Blender,/m/03qhv5,Heater,0.610196590423584
/m/019dx1,Home appliance,/m/02pjr4,Blender,/m/03s_tn,Kettle,0.5572768449783325
/m/019dx1,Home appliance,/m/02pjr4,Blender,/m/03wvsk,Hair dryer,0.5334010720252991
/m/019dx1,Home appliance,/m/02pjr4,Blender,/m/040b_t,Refrigerator,0.5793014764785767
/m/019dx1,Home appliance,/m/02pjr4,Blender,/m/04169hn,Wood-burning stove,0.500227689743042
/m/019dx1,Home appliance,/m/02pjr4,Blender,/m/04lvq_,Humidifier,0.4978850185871124
/m/019dx1,Home appliance,/m/02pjr4,Blender,/m/063rgb,Mixer,0.6959435343742371
/m/019dx1,Home appliance,/m/02pjr4,Blender,/m/07xyvk,Coffeemaker,0.5932976603507996
/m/019dx1,Home appliance,/m/02pjr4,Blender,/m/0fx9l,Microwave oven,0.47204336524009705
/m/019dx1,Home appliance,/m/02pjr4,Blender,/m/0ky7b,Dishwasher,0.5532528162002563
/m/019dx1,Home appliance,/m/02pjr4,Blender,/m/0llzx,Sewing machine,0.5524445176124573
/m/019dx1,Home appliance,/m/02pjr4,Blender,/m/0c3m8g,Hand dryer,0.5466731786727905
/m/019dx1,Home appliance,/m/02pjr4,Blender,/m/03ldnb,Ceiling fan,0.4513789415359497
/m/019dx1,Home appliance,/m/02wv84t,Gas stove,/m/02x984l,Mechanical fan,0.5116661787033081
/m/019dx1,Home appliance,/m/02wv84t,Gas stove,/m/03qhv5,Heater,0.5761977434158325
/m/019dx1,Home appliance,/m/02wv84t,Gas stove,/m/03s_tn,Kettle,0.5374412536621094
/m/019dx1,Home appliance,/m/02wv84t,Gas stove,/m/03wvsk,Hair dryer,0.49920767545700073
/m/019dx1,Home appliance,/m/02wv84t,Gas stove,/m/040b_t,Refrigerator,0.5376065373420715
/m/019dx1,Home appliance,/m/02wv84t,Gas stove,/m/04169hn,Wood-burning stove,0.7903972864151001
/m/019dx1,Home appliance,/m/02wv84t,Gas stove,/m/04lvq_,Humidifier,0.48011213541030884
/m/019dx1,Home appliance,/m/02wv84t,Gas stove,/m/063rgb,Mixer,0.5377044677734375
/m/019dx1,Home appliance,/m/02wv84t,Gas stove,/m/07xyvk,Coffeemaker,0.40121954679489136
/m/019dx1,Home appliance,/m/02wv84t,Gas stove,/m/0fx9l,Microwave oven,0.6219407320022583
/m/019dx1,Home appliance,/m/02wv84t,Gas stove,/m/0ky7b,Dishwasher,0.509498119354248
/m/019dx1,Home appliance,/m/02wv84t,Gas stove,/m/0llzx,Sewing machine,0.5131869912147522
/m/019dx1,Home appliance,/m/02wv84t,Gas stove,/m/0c3m8g,Hand dryer,0.4976791739463806
/m/019dx1,Home appliance,/m/02wv84t,Gas stove,/m/03ldnb,Ceiling fan,0.5432956218719482
/m/019dx1,Home appliance,/m/02x984l,Mechanical fan,/m/03qhv5,Heater,0.576719343662262
/m/019dx1,Home appliance,/m/02x984l,Mechanical fan,/m/03s_tn,Kettle,0.47939741611480713
/m/019dx1,Home appliance,/m/02x984l,Mechanical fan,/m/03wvsk,Hair dryer,0.5669138431549072
/m/019dx1,Home appliance,/m/02x984l,Mechanical fan,/m/040b_t,Refrigerator,0.5591849088668823
/m/019dx1,Home appliance,/m/02x984l,Mechanical fan,/m/04169hn,Wood-burning stove,0.5221720933914185
/m/019dx1,Home appliance,/m/02x984l,Mechanical fan,/m/04lvq_,Humidifier,0.5183061361312866
/m/019dx1,Home appliance,/m/02x984l,Mechanical fan,/m/063rgb,Mixer,0.5247712731361389
/m/019dx1,Home appliance,/m/02x984l,Mechanical fan,/m/07xyvk,Coffeemaker,0.4606567919254303
/m/019dx1,Home appliance,/m/02x984l,Mechanical fan,/m/0fx9l,Microwave oven,0.5480250120162964
/m/019dx1,Home appliance,/m/02x984l,Mechanical fan,/m/0ky7b,Dishwasher,0.5193073749542236
/m/019dx1,Home appliance,/m/02x984l,Mechanical fan,/m/0llzx,Sewing machine,0.5833427309989929
/m/019dx1,Home appliance,/m/02x984l,Mechanical fan,/m/0c3m8g,Hand dryer,0.5498003959655762
/m/019dx1,Home appliance,/m/02x984l,Mechanical fan,/m/03ldnb,Ceiling fan,0.771260142326355
/m/019dx1,Home appliance,/m/03qhv5,Heater,/m/03s_tn,Kettle,0.6554902791976929
/m/019dx1,Home appliance,/m/03qhv5,Heater,/m/03wvsk,Hair dryer,0.629635214805603
/m/019dx1,Home appliance,/m/03qhv5,Heater,/m/040b_t,Refrigerator,0.6893760561943054
/m/019dx1,Home appliance,/m/03qhv5,Heater,/m/04169hn,Wood-burning stove,0.5812910199165344
/m/019dx1,Home appliance,/m/03qhv5,Heater,/m/04lvq_,Humidifier,0.6361083984375
/m/019dx1,Home appliance,/m/03qhv5,Heater,/m/063rgb,Mixer,0.7002164125442505
/m/019dx1,Home appliance,/m/03qhv5,Heater,/m/07xyvk,Coffeemaker,0.5951412916183472
/m/019dx1,Home appliance,/m/03qhv5,Heater,/m/0fx9l,Microwave oven,0.5437559485435486
/m/019dx1,Home appliance,/m/03qhv5,Heater,/m/0ky7b,Dishwasher,0.6190571188926697
/m/019dx1,Home appliance,/m/03qhv5,Heater,/m/0llzx,Sewing machine,0.5959746837615967
/m/019dx1,Home appliance,/m/03qhv5,Heater,/m/0c3m8g,Hand dryer,0.6093493700027466
/m/019dx1,Home appliance,/m/03qhv5,Heater,/m/03ldnb,Ceiling fan,0.6010719537734985
/m/019dx1,Home appliance,/m/03s_tn,Kettle,/m/03wvsk,Hair dryer,0.5121396780014038
/m/019dx1,Home appliance,/m/03s_tn,Kettle,/m/040b_t,Refrigerator,0.5402158498764038
/m/019dx1,Home appliance,/m/03s_tn,Kettle,/m/04169hn,Wood-burning stove,0.5531784892082214
/m/019dx1,Home appliance,/m/03s_tn,Kettle,/m/04lvq_,Humidifier,0.47603946924209595
/m/019dx1,Home appliance,/m/03s_tn,Kettle,/m/063rgb,Mixer,0.557157576084137
/m/019dx1,Home appliance,/m/03s_tn,Kettle,/m/07xyvk,Coffeemaker,0.5095594525337219
/m/019dx1,Home appliance,/m/03s_tn,Kettle,/m/0fx9l,Microwave oven,0.5094907283782959
/m/019dx1,Home appliance,/m/03s_tn,Kettle,/m/0ky7b,Dishwasher,0.5170601606369019
/m/019dx1,Home appliance,/m/03s_tn,Kettle,/m/0llzx,Sewing machine,0.568065345287323
/m/019dx1,Home appliance,/m/03s_tn,Kettle,/m/0c3m8g,Hand dryer,0.5120627284049988
/m/019dx1,Home appliance,/m/03s_tn,Kettle,/m/03ldnb,Ceiling fan,0.46058645844459534
/m/019dx1,Home appliance,/m/03wvsk,Hair dryer,/m/040b_t,Refrigerator,0.6099109649658203
/m/019dx1,Home appliance,/m/03wvsk,Hair dryer,/m/04169hn,Wood-burning stove,0.5350472927093506
/m/019dx1,Home appliance,/m/03wvsk,Hair dryer,/m/04lvq_,Humidifier,0.6208720207214355
/m/019dx1,Home appliance,/m/03wvsk,Hair dryer,/m/063rgb,Mixer,0.6258379220962524
/m/019dx1,Home appliance,/m/03wvsk,Hair dryer,/m/07xyvk,Coffeemaker,0.5217943787574768
/m/019dx1,Home appliance,/m/03wvsk,Hair dryer,/m/0fx9l,Microwave oven,0.5577092170715332
/m/019dx1,Home appliance,/m/03wvsk,Hair dryer,/m/0ky7b,Dishwasher,0.7099785804748535
/m/019dx1,Home appliance,/m/03wvsk,Hair dryer,/m/0llzx,Sewing machine,0.6911146640777588
/m/019dx1,Home appliance,/m/03wvsk,Hair dryer,/m/0c3m8g,Hand dryer,0.8417825102806091
/m/019dx1,Home appliance,/m/03wvsk,Hair dryer,/m/03ldnb,Ceiling fan,0.5783323645591736
/m/019dx1,Home appliance,/m/040b_t,Refrigerator,/m/04169hn,Wood-burning stove,0.575626015663147
/m/019dx1,Home appliance,/m/040b_t,Refrigerator,/m/04lvq_,Humidifier,0.562279462814331
/m/019dx1,Home appliance,/m/040b_t,Refrigerator,/m/063rgb,Mixer,0.6169607043266296
/m/019dx1,Home appliance,/m/040b_t,Refrigerator,/m/07xyvk,Coffeemaker,0.5938549637794495
/m/019dx1,Home appliance,/m/040b_t,Refrigerator,/m/0fx9l,Microwave oven,0.5724531412124634
/m/019dx1,Home appliance,/m/040b_t,Refrigerator,/m/0ky7b,Dishwasher,0.6489423513412476
/m/019dx1,Home appliance,/m/040b_t,Refrigerator,/m/0llzx,Sewing machine,0.5443532466888428
/m/019dx1,Home appliance,/m/040b_t,Refrigerator,/m/0c3m8g,Hand dryer,0.5423279404640198
/m/019dx1,Home appliance,/m/040b_t,Refrigerator,/m/03ldnb,Ceiling fan,0.5277136564254761
/m/019dx1,Home appliance,/m/04169hn,Wood-burning stove,/m/04lvq_,Humidifier,0.46479982137680054
/m/019dx1,Home appliance,/m/04169hn,Wood-burning stove,/m/063rgb,Mixer,0.5218099355697632
/m/019dx1,Home appliance,/m/04169hn,Wood-burning stove,/m/07xyvk,Coffeemaker,0.4773637354373932
/m/019dx1,Home appliance,/m/04169hn,Wood-burning stove,/m/0fx9l,Microwave oven,0.6150975227355957
/m/019dx1,Home appliance,/m/04169hn,Wood-burning stove,/m/0ky7b,Dishwasher,0.5091269612312317
/m/019dx1,Home appliance,/m/04169hn,Wood-burning stove,/m/0llzx,Sewing machine,0.5339069962501526
/m/019dx1,Home appliance,/m/04169hn,Wood-burning stove,/m/0c3m8g,Hand dryer,0.5159125328063965
/m/019dx1,Home appliance,/m/04169hn,Wood-burning stove,/m/03ldnb,Ceiling fan,0.5285276174545288
/m/019dx1,Home appliance,/m/04lvq_,Humidifier,/m/063rgb,Mixer,0.5800803899765015
/m/019dx1,Home appliance,/m/04lvq_,Humidifier,/m/07xyvk,Coffeemaker,0.4851519465446472
/m/019dx1,Home appliance,/m/04lvq_,Humidifier,/m/0fx9l,Microwave oven,0.4326060712337494
/m/019dx1,Home appliance,/m/04lvq_,Humidifier,/m/0ky7b,Dishwasher,0.5761325359344482
/m/019dx1,Home appliance,/m/04lvq_,Humidifier,/m/0llzx,Sewing machine,0.5000435709953308
/m/019dx1,Home appliance,/m/04lvq_,Humidifier,/m/0c3m8g,Hand dryer,0.5929818153381348
/m/019dx1,Home appliance,/m/04lvq_,Humidifier,/m/03ldnb,Ceiling fan,0.5105860233306885
/m/019dx1,Home appliance,/m/063rgb,Mixer,/m/07xyvk,Coffeemaker,0.595204770565033
/m/019dx1,Home appliance,/m/063rgb,Mixer,/m/0fx9l,Microwave oven,0.5585416555404663
/m/019dx1,Home appliance,/m/063rgb,Mixer,/m/0ky7b,Dishwasher,0.6383118629455566
/m/019dx1,Home appliance,/m/063rgb,Mixer,/m/0llzx,Sewing machine,0.6107140183448792
/m/019dx1,Home appliance,/m/063rgb,Mixer,/m/0c3m8g,Hand dryer,0.6251558065414429
/m/019dx1,Home appliance,/m/063rgb,Mixer,/m/03ldnb,Ceiling fan,0.49243688583374023
/m/019dx1,Home appliance,/m/07xyvk,Coffeemaker,/m/0fx9l,Microwave oven,0.43972450494766235
/m/019dx1,Home appliance,/m/07xyvk,Coffeemaker,/m/0ky7b,Dishwasher,0.5284075736999512
/m/019dx1,Home appliance,/m/07xyvk,Coffeemaker,/m/0llzx,Sewing machine,0.528637170791626
/m/019dx1,Home appliance,/m/07xyvk,Coffeemaker,/m/0c3m8g,Hand dryer,0.502293586730957
/m/019dx1,Home appliance,/m/07xyvk,Coffeemaker,/m/03ldnb,Ceiling fan,0.44951581954956055
/m/019dx1,Home appliance,/m/0fx9l,Microwave oven,/m/0ky7b,Dishwasher,0.5792911648750305
/m/019dx1,Home appliance,/m/0fx9l,Microwave oven,/m/0llzx,Sewing machine,0.6056749820709229
/m/019dx1,Home appliance,/m/0fx9l,Microwave oven,/m/0c3m8g,Hand dryer,0.5361777544021606
/m/019dx1,Home appliance,/m/0fx9l,Microwave oven,/m/03ldnb,Ceiling fan,0.540673553943634
/m/019dx1,Home appliance,/m/0ky7b,Dishwasher,/m/0llzx,Sewing machine,0.6559877395629883
/m/019dx1,Home appliance,/m/0ky7b,Dishwasher,/m/0c3m8g,Hand dryer,0.7030866146087646
/m/019dx1,Home appliance,/m/0ky7b,Dishwasher,/m/03ldnb,Ceiling fan,0.49855947494506836
/m/019dx1,Home appliance,/m/0llzx,Sewing machine,/m/0c3m8g,Hand dryer,0.6996198892593384
/m/019dx1,Home appliance,/m/0llzx,Sewing machine,/m/03ldnb,Ceiling fan,0.6071323156356812
/m/019dx1,Home appliance,/m/0c3m8g,Hand dryer,/m/03ldnb,Ceiling fan,0.5296117067337036
/m/02pkr5,Plumbing fixture,/m/0130jx,Sink,/m/01vbnl,Bidet,0.5299798250198364
/m/02pkr5,Plumbing fixture,/m/0130jx,Sink,/m/02f9f_,Shower,0.5807799100875854
/m/02pkr5,Plumbing fixture,/m/0130jx,Sink,/m/02jz0l,Tap,0.5313502550125122
/m/02pkr5,Plumbing fixture,/m/0130jx,Sink,/m/03dnzn,Bathtub,0.5641552805900574
/m/02pkr5,Plumbing fixture,/m/0130jx,Sink,/m/09g1w,Toilet,0.5178415775299072
/m/02pkr5,Plumbing fixture,/m/01vbnl,Bidet,/m/02f9f_,Shower,0.559039831161499
/m/02pkr5,Plumbing fixture,/m/01vbnl,Bidet,/m/02jz0l,Tap,0.47326043248176575
/m/02pkr5,Plumbing fixture,/m/01vbnl,Bidet,/m/03dnzn,Bathtub,0.691327691078186
/m/02pkr5,Plumbing fixture,/m/01vbnl,Bidet,/m/09g1w,Toilet,0.6893997192382812
/m/02pkr5,Plumbing fixture,/m/02f9f_,Shower,/m/02jz0l,Tap,0.523867130279541
/m/02pkr5,Plumbing fixture,/m/02f9f_,Shower,/m/03dnzn,Bathtub,0.6390394568443298
/m/02pkr5,Plumbing fixture,/m/02f9f_,Shower,/m/09g1w,Toilet,0.6109451651573181
/m/02pkr5,Plumbing fixture,/m/02jz0l,Tap,/m/03dnzn,Bathtub,0.5408760905265808
/m/02pkr5,Plumbing fixture,/m/02jz0l,Tap,/m/09g1w,Toilet,0.5564484596252441
/m/02pkr5,Plumbing fixture,/m/03dnzn,Bathtub,/m/09g1w,Toilet,0.7023617029190063
/m/02rdsp,Office supplies,/m/01lsmm,Scissors,/m/01n5jq,Poster,0.5072386264801025
/m/02rdsp,Office supplies,/m/01lsmm,Scissors,/m/024d2,Calculator,0.514319896697998
/m/02rdsp,Office supplies,/m/01lsmm,Scissors,/m/025dyy,Box,0.5261695384979248
/m/02rdsp,Office supplies,/m/01lsmm,Scissors,/m/025fsf,Stapler,0.4703109860420227
/m/02rdsp,Office supplies,/m/01lsmm,Scissors,/m/02d9qx,Whiteboard,0.4581697881221771
/m/02rdsp,Office supplies,/m/01lsmm,Scissors,/m/02ddwp,Pencil sharpener,0.5262550115585327
/m/02rdsp,Office supplies,/m/01lsmm,Scissors,/m/02fh7f,Eraser,0.6692306995391846
/m/02rdsp,Office supplies,/m/01lsmm,Scissors,/m/02xqq,Fax,0.44170984625816345
/m/02rdsp,Office supplies,/m/01lsmm,Scissors,/m/03m3vtv,Adhesive tape,0.5221362709999084
/m/02rdsp,Office supplies,/m/01lsmm,Scissors,/m/04zwwv,Ring binder,0.4889684021472931
/m/02rdsp,Office supplies,/m/01lsmm,Scissors,/m/05676x,Pencil case,0.49697303771972656
/m/02rdsp,Office supplies,/m/01lsmm,Scissors,/m/05gqfk,Plastic bag,0.46195852756500244
/m/02rdsp,Office supplies,/m/01lsmm,Scissors,/m/080n7g,Paper cutter,0.5832780599594116
/m/02rdsp,Office supplies,/m/01lsmm,Scissors,/m/09gtd,Toilet paper,0.4852333962917328
/m/02rdsp,Office supplies,/m/01lsmm,Scissors,/m/0frqm,Envelope,0.5221775770187378
/m/02rdsp,Office supplies,/m/01lsmm,Scissors,/m/0k1tl,Pen,0.5106021165847778
/m/02rdsp,Office supplies,/m/01n5jq,Poster,/m/024d2,Calculator,0.5187162160873413
/m/02rdsp,Office supplies,/m/01n5jq,Poster,/m/025dyy,Box,0.5738581418991089
/m/02rdsp,Office supplies,/m/01n5jq,Poster,/m/025fsf,Stapler,0.523431658744812
/m/02rdsp,Office supplies,/m/01n5jq,Poster,/m/02d9qx,Whiteboard,0.5285205841064453
/m/02rdsp,Office supplies,/m/01n5jq,Poster,/m/02ddwp,Pencil sharpener,0.4520166218280792
/m/02rdsp,Office supplies,/m/01n5jq,Poster,/m/02fh7f,Eraser,0.5518319606781006
/m/02rdsp,Office supplies,/m/01n5jq,Poster,/m/02xqq,Fax,0.5367075204849243
/m/02rdsp,Office supplies,/m/01n5jq,Poster,/m/03m3vtv,Adhesive tape,0.5787914395332336
/m/02rdsp,Office supplies,/m/01n5jq,Poster,/m/04zwwv,Ring binder,0.47017407417297363
/m/02rdsp,Office supplies,/m/01n5jq,Poster,/m/05676x,Pencil case,0.48440492153167725
/m/02rdsp,Office supplies,/m/01n5jq,Poster,/m/05gqfk,Plastic bag,0.5681310892105103
/m/02rdsp,Office supplies,/m/01n5jq,Poster,/m/080n7g,Paper cutter,0.5356968641281128
/m/02rdsp,Office supplies,/m/01n5jq,Poster,/m/09gtd,Toilet paper,0.560663104057312
/m/02rdsp,Office supplies,/m/01n5jq,Poster,/m/0frqm,Envelope,0.5189779996871948
/m/02rdsp,Office supplies,/m/01n5jq,Poster,/m/0k1tl,Pen,0.5444720983505249
/m/02rdsp,Office supplies,/m/024d2,Calculator,/m/025dyy,Box,0.5490044355392456
/m/02rdsp,Office supplies,/m/024d2,Calculator,/m/025fsf,Stapler,0.4573199152946472
/m/02rdsp,Office supplies,/m/024d2,Calculator,/m/02d9qx,Whiteboard,0.4957839846611023
/m/02rdsp,Office supplies,/m/024d2,Calculator,/m/02ddwp,Pencil sharpener,0.5232447385787964
/m/02rdsp,Office supplies,/m/024d2,Calculator,/m/02fh7f,Eraser,0.524278998374939
/m/02rdsp,Office supplies,/m/024d2,Calculator,/m/02xqq,Fax,0.563633918762207
/m/02rdsp,Office supplies,/m/024d2,Calculator,/m/03m3vtv,Adhesive tape,0.47202181816101074
/m/02rdsp,Office supplies,/m/024d2,Calculator,/m/04zwwv,Ring binder,0.49606212973594666
/m/02rdsp,Office supplies,/m/024d2,Calculator,/m/05676x,Pencil case,0.4755138158798218
/m/02rdsp,Office supplies,/m/024d2,Calculator,/m/05gqfk,Plastic bag,0.48847612738609314
/m/02rdsp,Office supplies,/m/024d2,Calculator,/m/080n7g,Paper cutter,0.5934429168701172
/m/02rdsp,Office supplies,/m/024d2,Calculator,/m/09gtd,Toilet paper,0.48008668422698975
/m/02rdsp,Office supplies,/m/024d2,Calculator,/m/0frqm,Envelope,0.49500375986099243
/m/02rdsp,Office supplies,/m/024d2,Calculator,/m/0k1tl,Pen,0.47387751936912537
/m/02rdsp,Office supplies,/m/025dyy,Box,/m/025fsf,Stapler,0.4116596281528473
/m/02rdsp,Office supplies,/m/025dyy,Box,/m/02d9qx,Whiteboard,0.5222930908203125
/m/02rdsp,Office supplies,/m/025dyy,Box,/m/02ddwp,Pencil sharpener,0.37323907017707825
/m/02rdsp,Office supplies,/m/025dyy,Box,/m/02fh7f,Eraser,0.4934384524822235
/m/02rdsp,Office supplies,/m/025dyy,Box,/m/02xqq,Fax,0.5629262328147888
/m/02rdsp,Office supplies,/m/025dyy,Box,/m/03m3vtv,Adhesive tape,0.46968168020248413
/m/02rdsp,Office supplies,/m/025dyy,Box,/m/04zwwv,Ring binder,0.4817638397216797
/m/02rdsp,Office supplies,/m/025dyy,Box,/m/05676x,Pencil case,0.45585787296295166
/m/02rdsp,Office supplies,/m/025dyy,Box,/m/05gqfk,Plastic bag,0.5220125913619995
/m/02rdsp,Office supplies,/m/025dyy,Box,/m/080n7g,Paper cutter,0.4648096561431885
/m/02rdsp,Office supplies,/m/025dyy,Box,/m/09gtd,Toilet paper,0.4494488835334778
/m/02rdsp,Office supplies,/m/025dyy,Box,/m/0frqm,Envelope,0.5867466926574707
/m/02rdsp,Office supplies,/m/025dyy,Box,/m/0k1tl,Pen,0.5012008547782898
/m/02rdsp,Office supplies,/m/025fsf,Stapler,/m/02d9qx,Whiteboard,0.40376973152160645
/m/02rdsp,Office supplies,/m/025fsf,Stapler,/m/02ddwp,Pencil sharpener,0.4677133560180664
/m/02rdsp,Office supplies,/m/025fsf,Stapler,/m/02fh7f,Eraser,0.5114971399307251
/m/02rdsp,Office supplies,/m/025fsf,Stapler,/m/02xqq,Fax,0.419997900724411
/m/02rdsp,Office supplies,/m/025fsf,Stapler,/m/03m3vtv,Adhesive tape,0.44470152258872986
/m/02rdsp,Office supplies,/m/025fsf,Stapler,/m/04zwwv,Ring binder,0.41001707315444946
/m/02rdsp,Office supplies,/m/025fsf,Stapler,/m/05676x,Pencil case,0.39243489503860474
/m/02rdsp,Office supplies,/m/025fsf,Stapler,/m/05gqfk,Plastic bag,0.4114859402179718
/m/02rdsp,Office supplies,/m/025fsf,Stapler,/m/080n7g,Paper cutter,0.43334585428237915
/m/02rdsp,Office supplies,/m/025fsf,Stapler,/m/09gtd,Toilet paper,0.3908591568470001
/m/02rdsp,Office supplies,/m/025fsf,Stapler,/m/0frqm,Envelope,0.46645110845565796
/m/02rdsp,Office supplies,/m/025fsf,Stapler,/m/0k1tl,Pen,0.4940961003303528
/m/02rdsp,Office supplies,/m/02d9qx,Whiteboard,/m/02ddwp,Pencil sharpener,0.411668062210083
/m/02rdsp,Office supplies,/m/02d9qx,Whiteboard,/m/02fh7f,Eraser,0.4659159779548645
/m/02rdsp,Office supplies,/m/02d9qx,Whiteboard,/m/02xqq,Fax,0.4544033110141754
/m/02rdsp,Office supplies,/m/02d9qx,Whiteboard,/m/03m3vtv,Adhesive tape,0.45415592193603516
/m/02rdsp,Office supplies,/m/02d9qx,Whiteboard,/m/04zwwv,Ring binder,0.4505036473274231
/m/02rdsp,Office supplies,/m/02d9qx,Whiteboard,/m/05676x,Pencil case,0.4217046797275543
/m/02rdsp,Office supplies,/m/02d9qx,Whiteboard,/m/05gqfk,Plastic bag,0.45873042941093445
/m/02rdsp,Office supplies,/m/02d9qx,Whiteboard,/m/080n7g,Paper cutter,0.5070470571517944
/m/02rdsp,Office supplies,/m/02d9qx,Whiteboard,/m/09gtd,Toilet paper,0.530310332775116
/m/02rdsp,Office supplies,/m/02d9qx,Whiteboard,/m/0frqm,Envelope,0.5065134167671204
/m/02rdsp,Office supplies,/m/02d9qx,Whiteboard,/m/0k1tl,Pen,0.5024130940437317
/m/02rdsp,Office supplies,/m/02ddwp,Pencil sharpener,/m/02fh7f,Eraser,0.597187340259552
/m/02rdsp,Office supplies,/m/02ddwp,Pencil sharpener,/m/02xqq,Fax,0.44806012511253357
/m/02rdsp,Office supplies,/m/02ddwp,Pencil sharpener,/m/03m3vtv,Adhesive tape,0.5256377458572388
/m/02rdsp,Office supplies,/m/02ddwp,Pencil sharpener,/m/04zwwv,Ring binder,0.46807435154914856
/m/02rdsp,Office supplies,/m/02ddwp,Pencil sharpener,/m/05676x,Pencil case,0.690211296081543
/m/02rdsp,Office supplies,/m/02ddwp,Pencil sharpener,/m/05gqfk,Plastic bag,0.44893309473991394
/m/02rdsp,Office supplies,/m/02ddwp,Pencil sharpener,/m/080n7g,Paper cutter,0.6252793669700623
/m/02rdsp,Office supplies,/m/02ddwp,Pencil sharpener,/m/09gtd,Toilet paper,0.4710036516189575
/m/02rdsp,Office supplies,/m/02ddwp,Pencil sharpener,/m/0frqm,Envelope,0.4171341061592102
/m/02rdsp,Office supplies,/m/02ddwp,Pencil sharpener,/m/0k1tl,Pen,0.6042604446411133
/m/02rdsp,Office supplies,/m/02fh7f,Eraser,/m/02xqq,Fax,0.47727829217910767
/m/02rdsp,Office supplies,/m/02fh7f,Eraser,/m/03m3vtv,Adhesive tape,0.5405634045600891
/m/02rdsp,Office supplies,/m/02fh7f,Eraser,/m/04zwwv,Ring binder,0.44345414638519287
/m/02rdsp,Office supplies,/m/02fh7f,Eraser,/m/05676x,Pencil case,0.513658881187439
/m/02rdsp,Office supplies,/m/02fh7f,Eraser,/m/05gqfk,Plastic bag,0.44496679306030273
/m/02rdsp,Office supplies,/m/02fh7f,Eraser,/m/080n7g,Paper cutter,0.6044908165931702
/m/02rdsp,Office supplies,/m/02fh7f,Eraser,/m/09gtd,Toilet paper,0.5029909610748291
/m/02rdsp,Office supplies,/m/02fh7f,Eraser,/m/0frqm,Envelope,0.5106521844863892
/m/02rdsp,Office supplies,/m/02fh7f,Eraser,/m/0k1tl,Pen,0.5555856227874756
/m/02rdsp,Office supplies,/m/02xqq,Fax,/m/03m3vtv,Adhesive tape,0.5307139158248901
/m/02rdsp,Office supplies,/m/02xqq,Fax,/m/04zwwv,Ring binder,0.46489429473876953
/m/02rdsp,Office supplies,/m/02xqq,Fax,/m/05676x,Pencil case,0.46678635478019714
/m/02rdsp,Office supplies,/m/02xqq,Fax,/m/05gqfk,Plastic bag,0.4338896572589874
/m/02rdsp,Office supplies,/m/02xqq,Fax,/m/080n7g,Paper cutter,0.5190057754516602
/m/02rdsp,Office supplies,/m/02xqq,Fax,/m/09gtd,Toilet paper,0.4714980125427246
/m/02rdsp,Office supplies,/m/02xqq,Fax,/m/0frqm,Envelope,0.5190674662590027
/m/02rdsp,Office supplies,/m/02xqq,Fax,/m/0k1tl,Pen,0.511400580406189
/m/02rdsp,Office supplies,/m/03m3vtv,Adhesive tape,/m/04zwwv,Ring binder,0.5686337947845459
/m/02rdsp,Office supplies,/m/03m3vtv,Adhesive tape,/m/05676x,Pencil case,0.5408229827880859
/m/02rdsp,Office supplies,/m/03m3vtv,Adhesive tape,/m/05gqfk,Plastic bag,0.5582948327064514
/m/02rdsp,Office supplies,/m/03m3vtv,Adhesive tape,/m/080n7g,Paper cutter,0.5611813068389893
/m/02rdsp,Office supplies,/m/03m3vtv,Adhesive tape,/m/09gtd,Toilet paper,0.6272792220115662
/m/02rdsp,Office supplies,/m/03m3vtv,Adhesive tape,/m/0frqm,Envelope,0.5443860292434692
/m/02rdsp,Office supplies,/m/03m3vtv,Adhesive tape,/m/0k1tl,Pen,0.5132315158843994
/m/02rdsp,Office supplies,/m/04zwwv,Ring binder,/m/05676x,Pencil case,0.45243293046951294
/m/02rdsp,Office supplies,/m/04zwwv,Ring binder,/m/05gqfk,Plastic bag,0.498787522315979
/m/02rdsp,Office supplies,/m/04zwwv,Ring binder,/m/080n7g,Paper cutter,0.4965938329696655
/m/02rdsp,Office supplies,/m/04zwwv,Ring binder,/m/09gtd,Toilet paper,0.4606291949748993
/m/02rdsp,Office supplies,/m/04zwwv,Ring binder,/m/0frqm,Envelope,0.45617175102233887
/m/02rdsp,Office supplies,/m/04zwwv,Ring binder,/m/0k1tl,Pen,0.44099724292755127
/m/02rdsp,Office supplies,/m/05676x,Pencil case,/m/05gqfk,Plastic bag,0.5839499235153198
/m/02rdsp,Office supplies,/m/05676x,Pencil case,/m/080n7g,Paper cutter,0.5491904020309448
/m/02rdsp,Office supplies,/m/05676x,Pencil case,/m/09gtd,Toilet paper,0.512660801410675
/m/02rdsp,Office supplies,/m/05676x,Pencil case,/m/0frqm,Envelope,0.51030033826828
/m/02rdsp,Office supplies,/m/05676x,Pencil case,/m/0k1tl,Pen,0.6585997343063354
/m/02rdsp,Office supplies,/m/05gqfk,Plastic bag,/m/080n7g,Paper cutter,0.5399433374404907
/m/02rdsp,Office supplies,/m/05gqfk,Plastic bag,/m/09gtd,Toilet paper,0.6301233768463135
/m/02rdsp,Office supplies,/m/05gqfk,Plastic bag,/m/0frqm,Envelope,0.5128399729728699
/m/02rdsp,Office supplies,/m/05gqfk,Plastic bag,/m/0k1tl,Pen,0.492470383644104
/m/02rdsp,Office supplies,/m/080n7g,Paper cutter,/m/09gtd,Toilet paper,0.6948225498199463
/m/02rdsp,Office supplies,/m/080n7g,Paper cutter,/m/0frqm,Envelope,0.46619051694869995
/m/02rdsp,Office supplies,/m/080n7g,Paper cutter,/m/0k1tl,Pen,0.5022503733634949
/m/02rdsp,Office supplies,/m/09gtd,Toilet paper,/m/0frqm,Envelope,0.4585570991039276
/m/02rdsp,Office supplies,/m/09gtd,Toilet paper,/m/0k1tl,Pen,0.4790306091308594
/m/02rdsp,Office supplies,/m/0frqm,Envelope,/m/0k1tl,Pen,0.5152083039283752
/m/03hlz0c,Kitchen utensil,/m/01_5g,Chopsticks,/m/027rl48,Ladle,0.3827231228351593
/m/03hlz0c,Kitchen utensil,/m/01_5g,Chopsticks,/m/02d1br,Spatula,0.534273624420166
/m/03hlz0c,Kitchen utensil,/m/01_5g,Chopsticks,/m/02mqfb,Can opener,0.3430207371711731
/m/03hlz0c,Kitchen utensil,/m/01_5g,Chopsticks,/m/02pdsw,Cutting board,0.5807355642318726
/m/03hlz0c,Kitchen utensil,/m/01_5g,Chopsticks,/m/02vwcm,Whisk,0.5894169807434082
/m/03hlz0c,Kitchen utensil,/m/01_5g,Chopsticks,/m/03v5tg,Drinking straw,0.5059287548065186
/m/03hlz0c,Kitchen utensil,/m/01_5g,Chopsticks,/m/04ctx,Knife,0.5629638433456421
/m/03hlz0c,Kitchen utensil,/m/01_5g,Chopsticks,/m/04f5ws,Bottle opener,0.45563822984695435
/m/03hlz0c,Kitchen utensil,/m/01_5g,Chopsticks,/m/07v9_z,Measuring cup,0.4635271430015564
/m/03hlz0c,Kitchen utensil,/m/01_5g,Chopsticks,/m/08ks85,Pizza cutter,0.4938634932041168
/m/03hlz0c,Kitchen utensil,/m/01_5g,Chopsticks,/m/0cmx8,Spoon,0.5611612200737
/m/03hlz0c,Kitchen utensil,/m/01_5g,Chopsticks,/m/0dt3t,Fork,0.533470630645752
/m/03hlz0c,Kitchen utensil,/m/027rl48,Ladle,/m/02d1br,Spatula,0.4362073540687561
/m/03hlz0c,Kitchen utensil,/m/027rl48,Ladle,/m/02mqfb,Can opener,0.3343842625617981
/m/03hlz0c,Kitchen utensil,/m/027rl48,Ladle,/m/02pdsw,Cutting board,0.3805309534072876
/m/03hlz0c,Kitchen utensil,/m/027rl48,Ladle,/m/02vwcm,Whisk,0.4147111177444458
/m/03hlz0c,Kitchen utensil,/m/027rl48,Ladle,/m/03v5tg,Drinking straw,0.3460529148578644
/m/03hlz0c,Kitchen utensil,/m/027rl48,Ladle,/m/04ctx,Knife,0.44656431674957275
/m/03hlz0c,Kitchen utensil,/m/027rl48,Ladle,/m/04f5ws,Bottle opener,0.4107804000377655
/m/03hlz0c,Kitchen utensil,/m/027rl48,Ladle,/m/07v9_z,Measuring cup,0.357065349817276
/m/03hlz0c,Kitchen utensil,/m/027rl48,Ladle,/m/08ks85,Pizza cutter,0.34651538729667664
/m/03hlz0c,Kitchen utensil,/m/027rl48,Ladle,/m/0cmx8,Spoon,0.3759881556034088
/m/03hlz0c,Kitchen utensil,/m/027rl48,Ladle,/m/0dt3t,Fork,0.45032525062561035
/m/03hlz0c,Kitchen utensil,/m/02d1br,Spatula,/m/02mqfb,Can opener,0.35811859369277954
/m/03hlz0c,Kitchen utensil,/m/02d1br,Spatula,/m/02pdsw,Cutting board,0.5927632451057434
/m/03hlz0c,Kitchen utensil,/m/02d1br,Spatula,/m/02vwcm,Whisk,0.44070887565612793
/m/03hlz0c,Kitchen utensil,/m/02d1br,Spatula,/m/03v5tg,Drinking straw,0.5228811502456665
/m/03hlz0c,Kitchen utensil,/m/02d1br,Spatula,/m/04ctx,Knife,0.6162630915641785
/m/03hlz0c,Kitchen utensil,/m/02d1br,Spatula,/m/04f5ws,Bottle opener,0.5111085176467896
/m/03hlz0c,Kitchen utensil,/m/02d1br,Spatula,/m/07v9_z,Measuring cup,0.5046277046203613
/m/03hlz0c,Kitchen utensil,/m/02d1br,Spatula,/m/08ks85,Pizza cutter,0.5649805068969727
/m/03hlz0c,Kitchen utensil,/m/02d1br,Spatula,/m/0cmx8,Spoon,0.658685564994812
/m/03hlz0c,Kitchen utensil,/m/02d1br,Spatula,/m/0dt3t,Fork,0.5256895422935486
/m/03hlz0c,Kitchen utensil,/m/02mqfb,Can opener,/m/02pdsw,Cutting board,0.40956252813339233
/m/03hlz0c,Kitchen utensil,/m/02mqfb,Can opener,/m/02vwcm,Whisk,0.33997446298599243
/m/03hlz0c,Kitchen utensil,/m/02mqfb,Can opener,/m/03v5tg,Drinking straw,0.39345306158065796
/m/03hlz0c,Kitchen utensil,/m/02mqfb,Can opener,/m/04ctx,Knife,0.37668532133102417
/m/03hlz0c,Kitchen utensil,/m/02mqfb,Can opener,/m/04f5ws,Bottle opener,0.6559803485870361
/m/03hlz0c,Kitchen utensil,/m/02mqfb,Can opener,/m/07v9_z,Measuring cup,0.41345587372779846
/m/03hlz0c,Kitchen utensil,/m/02mqfb,Can opener,/m/08ks85,Pizza cutter,0.4231484532356262
/m/03hlz0c,Kitchen utensil,/m/02mqfb,Can opener,/m/0cmx8,Spoon,0.36197012662887573
/m/03hlz0c,Kitchen utensil,/m/02mqfb,Can opener,/m/0dt3t,Fork,0.3278738558292389
/m/03hlz0c,Kitchen utensil,/m/02pdsw,Cutting board,/m/02vwcm,Whisk,0.46279481053352356
/m/03hlz0c,Kitchen utensil,/m/02pdsw,Cutting board,/m/03v5tg,Drinking straw,0.571045994758606
/m/03hlz0c,Kitchen utensil,/m/02pdsw,Cutting board,/m/04ctx,Knife,0.6022597551345825
/m/03hlz0c,Kitchen utensil,/m/02pdsw,Cutting board,/m/04f5ws,Bottle opener,0.5149754881858826
/m/03hlz0c,Kitchen utensil,/m/02pdsw,Cutting board,/m/07v9_z,Measuring cup,0.622795581817627
/m/03hlz0c,Kitchen utensil,/m/02pdsw,Cutting board,/m/08ks85,Pizza cutter,0.7128597497940063
/m/03hlz0c,Kitchen utensil,/m/02pdsw,Cutting board,/m/0cmx8,Spoon,0.5581264495849609
/m/03hlz0c,Kitchen utensil,/m/02pdsw,Cutting board,/m/0dt3t,Fork,0.5371288061141968
/m/03hlz0c,Kitchen utensil,/m/02vwcm,Whisk,/m/03v5tg,Drinking straw,0.5051395297050476
/m/03hlz0c,Kitchen utensil,/m/02vwcm,Whisk,/m/04ctx,Knife,0.5181710720062256
/m/03hlz0c,Kitchen utensil,/m/02vwcm,Whisk,/m/04f5ws,Bottle opener,0.4528830647468567
/m/03hlz0c,Kitchen utensil,/m/02vwcm,Whisk,/m/07v9_z,Measuring cup,0.4332340359687805
/m/03hlz0c,Kitchen utensil,/m/02vwcm,Whisk,/m/08ks85,Pizza cutter,0.38531339168548584
/m/03hlz0c,Kitchen utensil,/m/02vwcm,Whisk,/m/0cmx8,Spoon,0.518818736076355
/m/03hlz0c,Kitchen utensil,/m/02vwcm,Whisk,/m/0dt3t,Fork,0.5219354629516602
/m/03hlz0c,Kitchen utensil,/m/03v5tg,Drinking straw,/m/04ctx,Knife,0.48828089237213135
/m/03hlz0c,Kitchen utensil,/m/03v5tg,Drinking straw,/m/04f5ws,Bottle opener,0.5888152122497559
/m/03hlz0c,Kitchen utensil,/m/03v5tg,Drinking straw,/m/07v9_z,Measuring cup,0.6425439119338989
/m/03hlz0c,Kitchen utensil,/m/03v5tg,Drinking straw,/m/08ks85,Pizza cutter,0.46836212277412415
/m/03hlz0c,Kitchen utensil,/m/03v5tg,Drinking straw,/m/0cmx8,Spoon,0.5665377974510193
/m/03hlz0c,Kitchen utensil,/m/03v5tg,Drinking straw,/m/0dt3t,Fork,0.4547363817691803
/m/03hlz0c,Kitchen utensil,/m/04ctx,Knife,/m/04f5ws,Bottle opener,0.4477223753929138
/m/03hlz0c,Kitchen utensil,/m/04ctx,Knife,/m/07v9_z,Measuring cup,0.43411126732826233
/m/03hlz0c,Kitchen utensil,/m/04ctx,Knife,/m/08ks85,Pizza cutter,0.5298959016799927
/m/03hlz0c,Kitchen utensil,/m/04ctx,Knife,/m/0cmx8,Spoon,0.6315356492996216
/m/03hlz0c,Kitchen utensil,/m/04ctx,Knife,/m/0dt3t,Fork,0.5951507687568665
/m/03hlz0c,Kitchen utensil,/m/04f5ws,Bottle opener,/m/07v9_z,Measuring cup,0.5932033061981201
/m/03hlz0c,Kitchen utensil,/m/04f5ws,Bottle opener,/m/08ks85,Pizza cutter,0.4821409285068512
/m/03hlz0c,Kitchen utensil,/m/04f5ws,Bottle opener,/m/0cmx8,Spoon,0.4914284646511078
/m/03hlz0c,Kitchen utensil,/m/04f5ws,Bottle opener,/m/0dt3t,Fork,0.4051769971847534
/m/03hlz0c,Kitchen utensil,/m/07v9_z,Measuring cup,/m/08ks85,Pizza cutter,0.5933753252029419
/m/03hlz0c,Kitchen utensil,/m/07v9_z,Measuring cup,/m/0cmx8,Spoon,0.48998886346817017
/m/03hlz0c,Kitchen utensil,/m/07v9_z,Measuring cup,/m/0dt3t,Fork,0.43223536014556885
/m/03hlz0c,Kitchen utensil,/m/08ks85,Pizza cutter,/m/0cmx8,Spoon,0.44080230593681335
/m/03hlz0c,Kitchen utensil,/m/08ks85,Pizza cutter,/m/0dt3t,Fork,0.40605801343917847
/m/03hlz0c,Kitchen utensil,/m/0cmx8,Spoon,/m/0dt3t,Fork,0.536687970161438
/m/04brg2,Tableware,/m/01_5g,Chopsticks,/m/01fh4r,Teapot,0.46170705556869507
/m/04brg2,Tableware,/m/01_5g,Chopsticks,/m/02jvh9,Mug,0.4619941711425781
/m/04brg2,Tableware,/m/01_5g,Chopsticks,/m/02p5f1q,Coffee cup,0.4744085967540741
/m/04brg2,Tableware,/m/01_5g,Chopsticks,/m/02x8cch,Salt and pepper shakers,0.5163743495941162
/m/04brg2,Tableware,/m/01_5g,Chopsticks,/m/03hj559,Mixing bowl,0.5315917134284973
/m/04brg2,Tableware,/m/01_5g,Chopsticks,/m/03q5c7,Saucer,0.5023730397224426
/m/04brg2,Tableware,/m/01_5g,Chopsticks,/m/0440zs,Cocktail shaker,0.4516597390174866
/m/04brg2,Tableware,/m/01_5g,Chopsticks,/m/04dr76w,Bottle,0.5308898687362671
/m/04brg2,Tableware,/m/01_5g,Chopsticks,/m/04kkgm,Bowl,0.4614436626434326
/m/04brg2,Tableware,/m/01_5g,Chopsticks,/m/050gv4,Plate,0.522628128528595
/m/04brg2,Tableware,/m/01_5g,Chopsticks,/m/054fyh,Pitcher (Container),0.39679306745529175
/m/04brg2,Tableware,/m/01_5g,Chopsticks,/m/058qzx,Kitchen knife,0.5278684496879578
/m/04brg2,Tableware,/m/01_5g,Chopsticks,/m/08hvt4,Jug,0.4227125942707062
/m/04brg2,Tableware,/m/01_5g,Chopsticks,/m/099ssp,Platter,0.3983442485332489
/m/04brg2,Tableware,/m/01_5g,Chopsticks,/m/09tvcd,Wine glass,0.41232049465179443
/m/04brg2,Tableware,/m/01_5g,Chopsticks,/m/0cmx8,Spoon,0.5611612200737
/m/04brg2,Tableware,/m/01_5g,Chopsticks,/m/0dt3t,Fork,0.533470630645752
/m/04brg2,Tableware,/m/01_5g,Chopsticks,/m/0h8n27j,Serving tray,0.48393121361732483
/m/04brg2,Tableware,/m/01_5g,Chopsticks,/m/0h8n6ft,Cake stand,0.5075404047966003
/m/04brg2,Tableware,/m/01fh4r,Teapot,/m/02jvh9,Mug,0.4859466552734375
/m/04brg2,Tableware,/m/01fh4r,Teapot,/m/02p5f1q,Coffee cup,0.6099929809570312
/m/04brg2,Tableware,/m/01fh4r,Teapot,/m/02x8cch,Salt and pepper shakers,0.42932796478271484
/m/04brg2,Tableware,/m/01fh4r,Teapot,/m/03hj559,Mixing bowl,0.5208978652954102
/m/04brg2,Tableware,/m/01fh4r,Teapot,/m/03q5c7,Saucer,0.47748836874961853
/m/04brg2,Tableware,/m/01fh4r,Teapot,/m/0440zs,Cocktail shaker,0.4600980877876282
/m/04brg2,Tableware,/m/01fh4r,Teapot,/m/04dr76w,Bottle,0.5451957583427429
/m/04brg2,Tableware,/m/01fh4r,Teapot,/m/04kkgm,Bowl,0.44992631673812866
/m/04brg2,Tableware,/m/01fh4r,Teapot,/m/050gv4,Plate,0.5549930334091187
/m/04brg2,Tableware,/m/01fh4r,Teapot,/m/054fyh,Pitcher (Container),0.3306070864200592
/m/04brg2,Tableware,/m/01fh4r,Teapot,/m/058qzx,Kitchen knife,0.4689495861530304
/m/04brg2,Tableware,/m/01fh4r,Teapot,/m/08hvt4,Jug,0.4356432557106018
/m/04brg2,Tableware,/m/01fh4r,Teapot,/m/099ssp,Platter,0.45611950755119324
/m/04brg2,Tableware,/m/01fh4r,Teapot,/m/09tvcd,Wine glass,0.4867601990699768
/m/04brg2,Tableware,/m/01fh4r,Teapot,/m/0cmx8,Spoon,0.5513611435890198
/m/04brg2,Tableware,/m/01fh4r,Teapot,/m/0dt3t,Fork,0.47840505838394165
/m/04brg2,Tableware,/m/01fh4r,Teapot,/m/0h8n27j,Serving tray,0.4834132790565491
/m/04brg2,Tableware,/m/01fh4r,Teapot,/m/0h8n6ft,Cake stand,0.4239848852157593
/m/04brg2,Tableware,/m/02jvh9,Mug,/m/02p5f1q,Coffee cup,0.5465325713157654
/m/04brg2,Tableware,/m/02jvh9,Mug,/m/02x8cch,Salt and pepper shakers,0.3953676223754883
/m/04brg2,Tableware,/m/02jvh9,Mug,/m/03hj559,Mixing bowl,0.5400766730308533
/m/04brg2,Tableware,/m/02jvh9,Mug,/m/03q5c7,Saucer,0.44451403617858887
/m/04brg2,Tableware,/m/02jvh9,Mug,/m/0440zs,Cocktail shaker,0.4209861159324646
/m/04brg2,Tableware,/m/02jvh9,Mug,/m/04dr76w,Bottle,0.494737446308136
/m/04brg2,Tableware,/m/02jvh9,Mug,/m/04kkgm,Bowl,0.5084443688392639
/m/04brg2,Tableware,/m/02jvh9,Mug,/m/050gv4,Plate,0.5013769865036011
/m/04brg2,Tableware,/m/02jvh9,Mug,/m/054fyh,Pitcher (Container),0.36647218465805054
/m/04brg2,Tableware,/m/02jvh9,Mug,/m/058qzx,Kitchen knife,0.4813694357872009
/m/04brg2,Tableware,/m/02jvh9,Mug,/m/08hvt4,Jug,0.6004540920257568
/m/04brg2,Tableware,/m/02jvh9,Mug,/m/099ssp,Platter,0.3700575828552246
/m/04brg2,Tableware,/m/02jvh9,Mug,/m/09tvcd,Wine glass,0.512871503829956
/m/04brg2,Tableware,/m/02jvh9,Mug,/m/0cmx8,Spoon,0.5112941265106201
/m/04brg2,Tableware,/m/02jvh9,Mug,/m/0dt3t,Fork,0.44607359170913696
/m/04brg2,Tableware,/m/02jvh9,Mug,/m/0h8n27j,Serving tray,0.45883476734161377
/m/04brg2,Tableware,/m/02jvh9,Mug,/m/0h8n6ft,Cake stand,0.47869038581848145
/m/04brg2,Tableware,/m/02p5f1q,Coffee cup,/m/02x8cch,Salt and pepper shakers,0.4972694516181946
/m/04brg2,Tableware,/m/02p5f1q,Coffee cup,/m/03hj559,Mixing bowl,0.5994157791137695
/m/04brg2,Tableware,/m/02p5f1q,Coffee cup,/m/03q5c7,Saucer,0.46040380001068115
/m/04brg2,Tableware,/m/02p5f1q,Coffee cup,/m/0440zs,Cocktail shaker,0.6215715408325195
/m/04brg2,Tableware,/m/02p5f1q,Coffee cup,/m/04dr76w,Bottle,0.5287632942199707
/m/04brg2,Tableware,/m/02p5f1q,Coffee cup,/m/04kkgm,Bowl,0.4622814655303955
/m/04brg2,Tableware,/m/02p5f1q,Coffee cup,/m/050gv4,Plate,0.5440770387649536
/m/04brg2,Tableware,/m/02p5f1q,Coffee cup,/m/054fyh,Pitcher (Container),0.4429474472999573
/m/04brg2,Tableware,/m/02p5f1q,Coffee cup,/m/058qzx,Kitchen knife,0.6237424612045288
/m/04brg2,Tableware,/m/02p5f1q,Coffee cup,/m/08hvt4,Jug,0.43119508028030396
/m/04brg2,Tableware,/m/02p5f1q,Coffee cup,/m/099ssp,Platter,0.4206068515777588
/m/04brg2,Tableware,/m/02p5f1q,Coffee cup,/m/09tvcd,Wine glass,0.5917218327522278
/m/04brg2,Tableware,/m/02p5f1q,Coffee cup,/m/0cmx8,Spoon,0.5086581707000732
/m/04brg2,Tableware,/m/02p5f1q,Coffee cup,/m/0dt3t,Fork,0.4740026891231537
/m/04brg2,Tableware,/m/02p5f1q,Coffee cup,/m/0h8n27j,Serving tray,0.5932903289794922
/m/04brg2,Tableware,/m/02p5f1q,Coffee cup,/m/0h8n6ft,Cake stand,0.6180100440979004
/m/04brg2,Tableware,/m/02x8cch,Salt and pepper shakers,/m/03hj559,Mixing bowl,0.6014732122421265
/m/04brg2,Tableware,/m/02x8cch,Salt and pepper shakers,/m/03q5c7,Saucer,0.5294779539108276
/m/04brg2,Tableware,/m/02x8cch,Salt and pepper shakers,/m/0440zs,Cocktail shaker,0.6348883509635925
/m/04brg2,Tableware,/m/02x8cch,Salt and pepper shakers,/m/04dr76w,Bottle,0.4529479444026947
/m/04brg2,Tableware,/m/02x8cch,Salt and pepper shakers,/m/04kkgm,Bowl,0.3672577738761902
/m/04brg2,Tableware,/m/02x8cch,Salt and pepper shakers,/m/050gv4,Plate,0.4674612879753113
/m/04brg2,Tableware,/m/02x8cch,Salt and pepper shakers,/m/054fyh,Pitcher (Container),0.45274314284324646
/m/04brg2,Tableware,/m/02x8cch,Salt and pepper shakers,/m/058qzx,Kitchen knife,0.5636985301971436
/m/04brg2,Tableware,/m/02x8cch,Salt and pepper shakers,/m/08hvt4,Jug,0.3519444465637207
/m/04brg2,Tableware,/m/02x8cch,Salt and pepper shakers,/m/099ssp,Platter,0.4376826882362366
/m/04brg2,Tableware,/m/02x8cch,Salt and pepper shakers,/m/09tvcd,Wine glass,0.5076331496238708
/m/04brg2,Tableware,/m/02x8cch,Salt and pepper shakers,/m/0cmx8,Spoon,0.5313630700111389
/m/04brg2,Tableware,/m/02x8cch,Salt and pepper shakers,/m/0dt3t,Fork,0.43299031257629395
/m/04brg2,Tableware,/m/02x8cch,Salt and pepper shakers,/m/0h8n27j,Serving tray,0.5563671588897705
/m/04brg2,Tableware,/m/02x8cch,Salt and pepper shakers,/m/0h8n6ft,Cake stand,0.46671706438064575
/m/04brg2,Tableware,/m/03hj559,Mixing bowl,/m/03q5c7,Saucer,0.46961861848831177
/m/04brg2,Tableware,/m/03hj559,Mixing bowl,/m/0440zs,Cocktail shaker,0.6151630878448486
/m/04brg2,Tableware,/m/03hj559,Mixing bowl,/m/04dr76w,Bottle,0.5491451025009155
/m/04brg2,Tableware,/m/03hj559,Mixing bowl,/m/04kkgm,Bowl,0.7159382104873657
/m/04brg2,Tableware,/m/03hj559,Mixing bowl,/m/050gv4,Plate,0.5450942516326904
/m/04brg2,Tableware,/m/03hj559,Mixing bowl,/m/054fyh,Pitcher (Container),0.5398861169815063
/m/04brg2,Tableware,/m/03hj559,Mixing bowl,/m/058qzx,Kitchen knife,0.5876280069351196
/m/04brg2,Tableware,/m/03hj559,Mixing bowl,/m/08hvt4,Jug,0.4341748058795929
/m/04brg2,Tableware,/m/03hj559,Mixing bowl,/m/099ssp,Platter,0.4320750832557678
/m/04brg2,Tableware,/m/03hj559,Mixing bowl,/m/09tvcd,Wine glass,0.574705958366394
/m/04brg2,Tableware,/m/03hj559,Mixing bowl,/m/0cmx8,Spoon,0.5259881615638733
/m/04brg2,Tableware,/m/03hj559,Mixing bowl,/m/0dt3t,Fork,0.48206794261932373
/m/04brg2,Tableware,/m/03hj559,Mixing bowl,/m/0h8n27j,Serving tray,0.644160270690918
/m/04brg2,Tableware,/m/03hj559,Mixing bowl,/m/0h8n6ft,Cake stand,0.5421466827392578
/m/04brg2,Tableware,/m/03q5c7,Saucer,/m/0440zs,Cocktail shaker,0.5347740054130554
/m/04brg2,Tableware,/m/03q5c7,Saucer,/m/04dr76w,Bottle,0.48002851009368896
/m/04brg2,Tableware,/m/03q5c7,Saucer,/m/04kkgm,Bowl,0.4036564826965332
/m/04brg2,Tableware,/m/03q5c7,Saucer,/m/050gv4,Plate,0.4997197687625885
/m/04brg2,Tableware,/m/03q5c7,Saucer,/m/054fyh,Pitcher (Container),0.4704708755016327
/m/04brg2,Tableware,/m/03q5c7,Saucer,/m/058qzx,Kitchen knife,0.4450133740901947
/m/04brg2,Tableware,/m/03q5c7,Saucer,/m/08hvt4,Jug,0.4853787124156952
/m/04brg2,Tableware,/m/03q5c7,Saucer,/m/099ssp,Platter,0.5056718587875366
/m/04brg2,Tableware,/m/03q5c7,Saucer,/m/09tvcd,Wine glass,0.428194135427475
/m/04brg2,Tableware,/m/03q5c7,Saucer,/m/0cmx8,Spoon,0.5687565803527832
/m/04brg2,Tableware,/m/03q5c7,Saucer,/m/0dt3t,Fork,0.443697988986969
/m/04brg2,Tableware,/m/03q5c7,Saucer,/m/0h8n27j,Serving tray,0.4832502603530884
/m/04brg2,Tableware,/m/03q5c7,Saucer,/m/0h8n6ft,Cake stand,0.40676403045654297
/m/04brg2,Tableware,/m/0440zs,Cocktail shaker,/m/04dr76w,Bottle,0.5547573566436768
/m/04brg2,Tableware,/m/0440zs,Cocktail shaker,/m/04kkgm,Bowl,0.4774371087551117
/m/04brg2,Tableware,/m/0440zs,Cocktail shaker,/m/050gv4,Plate,0.4634772539138794
/m/04brg2,Tableware,/m/0440zs,Cocktail shaker,/m/054fyh,Pitcher (Container),0.5090705156326294
/m/04brg2,Tableware,/m/0440zs,Cocktail shaker,/m/058qzx,Kitchen knife,0.5783638954162598
/m/04brg2,Tableware,/m/0440zs,Cocktail shaker,/m/08hvt4,Jug,0.39026767015457153
/m/04brg2,Tableware,/m/0440zs,Cocktail shaker,/m/099ssp,Platter,0.4102060794830322
/m/04brg2,Tableware,/m/0440zs,Cocktail shaker,/m/09tvcd,Wine glass,0.6171694993972778
/m/04brg2,Tableware,/m/0440zs,Cocktail shaker,/m/0cmx8,Spoon,0.4879876375198364
/m/04brg2,Tableware,/m/0440zs,Cocktail shaker,/m/0dt3t,Fork,0.4290185570716858
/m/04brg2,Tableware,/m/0440zs,Cocktail shaker,/m/0h8n27j,Serving tray,0.5762269496917725
/m/04brg2,Tableware,/m/0440zs,Cocktail shaker,/m/0h8n6ft,Cake stand,0.5394198894500732
/m/04brg2,Tableware,/m/04dr76w,Bottle,/m/04kkgm,Bowl,0.5390633344650269
/m/04brg2,Tableware,/m/04dr76w,Bottle,/m/050gv4,Plate,0.6195911169052124
/m/04brg2,Tableware,/m/04dr76w,Bottle,/m/054fyh,Pitcher (Container),0.4478726387023926
/m/04brg2,Tableware,/m/04dr76w,Bottle,/m/058qzx,Kitchen knife,0.47135311365127563
/m/04brg2,Tableware,/m/04dr76w,Bottle,/m/08hvt4,Jug,0.4064366817474365
/m/04brg2,Tableware,/m/04dr76w,Bottle,/m/099ssp,Platter,0.502189576625824
/m/04brg2,Tableware,/m/04dr76w,Bottle,/m/09tvcd,Wine glass,0.6478791236877441
/m/04brg2,Tableware,/m/04dr76w,Bottle,/m/0cmx8,Spoon,0.5840937495231628
/m/04brg2,Tableware,/m/04dr76w,Bottle,/m/0dt3t,Fork,0.4892909526824951
/m/04brg2,Tableware,/m/04dr76w,Bottle,/m/0h8n27j,Serving tray,0.5005047917366028
/m/04brg2,Tableware,/m/04dr76w,Bottle,/m/0h8n6ft,Cake stand,0.43792688846588135
/m/04brg2,Tableware,/m/04kkgm,Bowl,/m/050gv4,Plate,0.45509588718414307
/m/04brg2,Tableware,/m/04kkgm,Bowl,/m/054fyh,Pitcher (Container),0.4170524477958679
/m/04brg2,Tableware,/m/04kkgm,Bowl,/m/058qzx,Kitchen knife,0.4256080985069275
/m/04brg2,Tableware,/m/04kkgm,Bowl,/m/08hvt4,Jug,0.3906196653842926
/m/04brg2,Tableware,/m/04kkgm,Bowl,/m/099ssp,Platter,0.3713211417198181
/m/04brg2,Tableware,/m/04kkgm,Bowl,/m/09tvcd,Wine glass,0.47500187158584595
/m/04brg2,Tableware,/m/04kkgm,Bowl,/m/0cmx8,Spoon,0.46652525663375854
/m/04brg2,Tableware,/m/04kkgm,Bowl,/m/0dt3t,Fork,0.44158610701560974
/m/04brg2,Tableware,/m/04kkgm,Bowl,/m/0h8n27j,Serving tray,0.4417476952075958
/m/04brg2,Tableware,/m/04kkgm,Bowl,/m/0h8n6ft,Cake stand,0.42561134696006775
/m/04brg2,Tableware,/m/050gv4,Plate,/m/054fyh,Pitcher (Container),0.4500987231731415
/m/04brg2,Tableware,/m/050gv4,Plate,/m/058qzx,Kitchen knife,0.5080257058143616
/m/04brg2,Tableware,/m/050gv4,Plate,/m/08hvt4,Jug,0.44800400733947754
/m/04brg2,Tableware,/m/050gv4,Plate,/m/099ssp,Platter,0.7597764730453491
/m/04brg2,Tableware,/m/050gv4,Plate,/m/09tvcd,Wine glass,0.5405120849609375
/m/04brg2,Tableware,/m/050gv4,Plate,/m/0cmx8,Spoon,0.6128228902816772
/m/04brg2,Tableware,/m/050gv4,Plate,/m/0dt3t,Fork,0.4961397051811218
/m/04brg2,Tableware,/m/050gv4,Plate,/m/0h8n27j,Serving tray,0.6159180998802185
/m/04brg2,Tableware,/m/050gv4,Plate,/m/0h8n6ft,Cake stand,0.5257877707481384
/m/04brg2,Tableware,/m/054fyh,Pitcher (Container),/m/058qzx,Kitchen knife,0.43781864643096924
/m/04brg2,Tableware,/m/054fyh,Pitcher (Container),/m/08hvt4,Jug,0.3629973530769348
/m/04brg2,Tableware,/m/054fyh,Pitcher (Container),/m/099ssp,Platter,0.469568133354187
/m/04brg2,Tableware,/m/054fyh,Pitcher (Container),/m/09tvcd,Wine glass,0.39015692472457886
/m/04brg2,Tableware,/m/054fyh,Pitcher (Container),/m/0cmx8,Spoon,0.3978169560432434
/m/04brg2,Tableware,/m/054fyh,Pitcher (Container),/m/0dt3t,Fork,0.39424774050712585
/m/04brg2,Tableware,/m/054fyh,Pitcher (Container),/m/0h8n27j,Serving tray,0.48231396079063416
/m/04brg2,Tableware,/m/054fyh,Pitcher (Container),/m/0h8n6ft,Cake stand,0.4019063711166382
/m/04brg2,Tableware,/m/058qzx,Kitchen knife,/m/08hvt4,Jug,0.38480496406555176
/m/04brg2,Tableware,/m/058qzx,Kitchen knife,/m/099ssp,Platter,0.4022896885871887
/m/04brg2,Tableware,/m/058qzx,Kitchen knife,/m/09tvcd,Wine glass,0.5589388012886047
/m/04brg2,Tableware,/m/058qzx,Kitchen knife,/m/0cmx8,Spoon,0.5510461330413818
/m/04brg2,Tableware,/m/058qzx,Kitchen knife,/m/0dt3t,Fork,0.47990769147872925
/m/04brg2,Tableware,/m/058qzx,Kitchen knife,/m/0h8n27j,Serving tray,0.5835015773773193
/m/04brg2,Tableware,/m/058qzx,Kitchen knife,/m/0h8n6ft,Cake stand,0.5609468221664429
/m/04brg2,Tableware,/m/08hvt4,Jug,/m/099ssp,Platter,0.3864516019821167
/m/04brg2,Tableware,/m/08hvt4,Jug,/m/09tvcd,Wine glass,0.37157484889030457
/m/04brg2,Tableware,/m/08hvt4,Jug,/m/0cmx8,Spoon,0.44118887186050415
/m/04brg2,Tableware,/m/08hvt4,Jug,/m/0dt3t,Fork,0.45860761404037476
/m/04brg2,Tableware,/m/08hvt4,Jug,/m/0h8n27j,Serving tray,0.43637433648109436
/m/04brg2,Tableware,/m/08hvt4,Jug,/m/0h8n6ft,Cake stand,0.36595290899276733
/m/04brg2,Tableware,/m/099ssp,Platter,/m/09tvcd,Wine glass,0.4059639573097229
/m/04brg2,Tableware,/m/099ssp,Platter,/m/0cmx8,Spoon,0.5308187007904053
/m/04brg2,Tableware,/m/099ssp,Platter,/m/0dt3t,Fork,0.4030338525772095
/m/04brg2,Tableware,/m/099ssp,Platter,/m/0h8n27j,Serving tray,0.46152764558792114
/m/04brg2,Tableware,/m/099ssp,Platter,/m/0h8n6ft,Cake stand,0.34936803579330444
/m/04brg2,Tableware,/m/09tvcd,Wine glass,/m/0cmx8,Spoon,0.49553239345550537
/m/04brg2,Tableware,/m/09tvcd,Wine glass,/m/0dt3t,Fork,0.38443636894226074
/m/04brg2,Tableware,/m/09tvcd,Wine glass,/m/0h8n27j,Serving tray,0.6047478318214417
/m/04brg2,Tableware,/m/09tvcd,Wine glass,/m/0h8n6ft,Cake stand,0.5146848559379578
/m/04brg2,Tableware,/m/0cmx8,Spoon,/m/0dt3t,Fork,0.536687970161438
/m/04brg2,Tableware,/m/0cmx8,Spoon,/m/0h8n27j,Serving tray,0.5149943828582764
/m/04brg2,Tableware,/m/0cmx8,Spoon,/m/0h8n6ft,Cake stand,0.41581428050994873
/m/04brg2,Tableware,/m/0dt3t,Fork,/m/0h8n27j,Serving tray,0.41887012124061584
/m/04brg2,Tableware,/m/0dt3t,Fork,/m/0h8n6ft,Cake stand,0.40217289328575134
/m/04brg2,Tableware,/m/0h8n27j,Serving tray,/m/0h8n6ft,Cake stand,0.6275085210800171
/m/0h99cwc,Kitchen appliance,/m/029bxz,Oven,/m/02pjr4,Blender,0.581877589225769
/m/0h99cwc,Kitchen appliance,/m/029bxz,Oven,/m/02tsc9,Slow cooker,0.6150486469268799
/m/0h99cwc,Kitchen appliance,/m/029bxz,Oven,/m/03y6mg,Food processor,0.6092077493667603
/m/0h99cwc,Kitchen appliance,/m/029bxz,Oven,/m/040b_t,Refrigerator,0.6438825130462646
/m/0h99cwc,Kitchen appliance,/m/029bxz,Oven,/m/04z4wx,Waffle iron,0.4946897029876709
/m/0h99cwc,Kitchen appliance,/m/029bxz,Oven,/m/063rgb,Mixer,0.5804969072341919
/m/0h99cwc,Kitchen appliance,/m/029bxz,Oven,/m/07xyvk,Coffeemaker,0.541551411151886
/m/0h99cwc,Kitchen appliance,/m/029bxz,Oven,/m/0fx9l,Microwave oven,0.7264290452003479
/m/0h99cwc,Kitchen appliance,/m/029bxz,Oven,/m/0h8ntjv,Pressure cooker,0.5866879224777222
/m/0h99cwc,Kitchen appliance,/m/029bxz,Oven,/m/0ky7b,Dishwasher,0.6065407395362854
/m/0h99cwc,Kitchen appliance,/m/02pjr4,Blender,/m/02tsc9,Slow cooker,0.5968490839004517
/m/0h99cwc,Kitchen appliance,/m/02pjr4,Blender,/m/03y6mg,Food processor,0.6094570159912109
/m/0h99cwc,Kitchen appliance,/m/02pjr4,Blender,/m/040b_t,Refrigerator,0.5793012976646423
/m/0h99cwc,Kitchen appliance,/m/02pjr4,Blender,/m/04z4wx,Waffle iron,0.4375530481338501
/m/0h99cwc,Kitchen appliance,/m/02pjr4,Blender,/m/063rgb,Mixer,0.6959435939788818
/m/0h99cwc,Kitchen appliance,/m/02pjr4,Blender,/m/07xyvk,Coffeemaker,0.5932976603507996
/m/0h99cwc,Kitchen appliance,/m/02pjr4,Blender,/m/0fx9l,Microwave oven,0.47204333543777466
/m/0h99cwc,Kitchen appliance,/m/02pjr4,Blender,/m/0h8ntjv,Pressure cooker,0.5011115670204163
/m/0h99cwc,Kitchen appliance,/m/02pjr4,Blender,/m/0ky7b,Dishwasher,0.5532529354095459
/m/0h99cwc,Kitchen appliance,/m/02tsc9,Slow cooker,/m/03y6mg,Food processor,0.6872107982635498
/m/0h99cwc,Kitchen appliance,/m/02tsc9,Slow cooker,/m/040b_t,Refrigerator,0.5836867094039917
/m/0h99cwc,Kitchen appliance,/m/02tsc9,Slow cooker,/m/04z4wx,Waffle iron,0.4958930015563965
/m/0h99cwc,Kitchen appliance,/m/02tsc9,Slow cooker,/m/063rgb,Mixer,0.632615327835083
/m/0h99cwc,Kitchen appliance,/m/02tsc9,Slow cooker,/m/07xyvk,Coffeemaker,0.5401979684829712
/m/0h99cwc,Kitchen appliance,/m/02tsc9,Slow cooker,/m/0fx9l,Microwave oven,0.6096058487892151
/m/0h99cwc,Kitchen appliance,/m/02tsc9,Slow cooker,/m/0h8ntjv,Pressure cooker,0.6988396644592285
/m/0h99cwc,Kitchen appliance,/m/02tsc9,Slow cooker,/m/0ky7b,Dishwasher,0.5635770559310913
/m/0h99cwc,Kitchen appliance,/m/03y6mg,Food processor,/m/040b_t,Refrigerator,0.6347810626029968
/m/0h99cwc,Kitchen appliance,/m/03y6mg,Food processor,/m/04z4wx,Waffle iron,0.5220517516136169
/m/0h99cwc,Kitchen appliance,/m/03y6mg,Food processor,/m/063rgb,Mixer,0.645664393901825
/m/0h99cwc,Kitchen appliance,/m/03y6mg,Food processor,/m/07xyvk,Coffeemaker,0.5790104866027832
/m/0h99cwc,Kitchen appliance,/m/03y6mg,Food processor,/m/0fx9l,Microwave oven,0.6018312573432922
/m/0h99cwc,Kitchen appliance,/m/03y6mg,Food processor,/m/0h8ntjv,Pressure cooker,0.6533083915710449
/m/0h99cwc,Kitchen appliance,/m/03y6mg,Food processor,/m/0ky7b,Dishwasher,0.6171125173568726
/m/0h99cwc,Kitchen appliance,/m/040b_t,Refrigerator,/m/04z4wx,Waffle iron,0.46297353506088257
/m/0h99cwc,Kitchen appliance,/m/040b_t,Refrigerator,/m/063rgb,Mixer,0.6169606447219849
/m/0h99cwc,Kitchen appliance,/m/040b_t,Refrigerator,/m/07xyvk,Coffeemaker,0.5938549041748047
/m/0h99cwc,Kitchen appliance,/m/040b_t,Refrigerator,/m/0fx9l,Microwave oven,0.5724532008171082
/m/0h99cwc,Kitchen appliance,/m/040b_t,Refrigerator,/m/0h8ntjv,Pressure cooker,0.5380997061729431
/m/0h99cwc,Kitchen appliance,/m/040b_t,Refrigerator,/m/0ky7b,Dishwasher,0.648942232131958
/m/0h99cwc,Kitchen appliance,/m/04z4wx,Waffle iron,/m/063rgb,Mixer,0.46330752968788147
/m/0h99cwc,Kitchen appliance,/m/04z4wx,Waffle iron,/m/07xyvk,Coffeemaker,0.4303283989429474
/m/0h99cwc,Kitchen appliance,/m/04z4wx,Waffle iron,/m/0fx9l,Microwave oven,0.5262106657028198
/m/0h99cwc,Kitchen appliance,/m/04z4wx,Waffle iron,/m/0h8ntjv,Pressure cooker,0.4828696548938751
/m/0h99cwc,Kitchen appliance,/m/04z4wx,Waffle iron,/m/0ky7b,Dishwasher,0.44827038049697876
/m/0h99cwc,Kitchen appliance,/m/063rgb,Mixer,/m/07xyvk,Coffeemaker,0.595204770565033
/m/0h99cwc,Kitchen appliance,/m/063rgb,Mixer,/m/0fx9l,Microwave oven,0.5585415959358215
/m/0h99cwc,Kitchen appliance,/m/063rgb,Mixer,/m/0h8ntjv,Pressure cooker,0.6499345302581787
/m/0h99cwc,Kitchen appliance,/m/063rgb,Mixer,/m/0ky7b,Dishwasher,0.638312041759491
/m/0h99cwc,Kitchen appliance,/m/07xyvk,Coffeemaker,/m/0fx9l,Microwave oven,0.43972447514533997
/m/0h99cwc,Kitchen appliance,/m/07xyvk,Coffeemaker,/m/0h8ntjv,Pressure cooker,0.5208343267440796
/m/0h99cwc,Kitchen appliance,/m/07xyvk,Coffeemaker,/m/0ky7b,Dishwasher,0.5284076929092407
/m/0h99cwc,Kitchen appliance,/m/0fx9l,Microwave oven,/m/0h8ntjv,Pressure cooker,0.5550888776779175
/m/0h99cwc,Kitchen appliance,/m/0fx9l,Microwave oven,/m/0ky7b,Dishwasher,0.5792912244796753
/m/0h99cwc,Kitchen appliance,/m/0h8ntjv,Pressure cooker,/m/0ky7b,Dishwasher,0.5520676970481873
/m/02crq1,Couch,/m/03m3pdh,Sofa bed,/m/0703r8,Loveseat,0.5205649137496948
/m/03ssj5,Bed,/m/061hd_,Infant bed,/m/026qbn5,Studio couch,0.5244699716567993
/m/04bcr3,Table,/m/078n6m,Coffee table,/m/0h8n5zk,Kitchen & dining room table,0.7036811113357544
/m/01x3z,Clock,/m/046dlr,Alarm clock,/m/06_72j,Digital clock,0.6944053173065186
/m/01x3z,Clock,/m/046dlr,Alarm clock,/m/0h8mzrc,Wall clock,0.7645484805107117
/m/01x3z,Clock,/m/06_72j,Digital clock,/m/0h8mzrc,Wall clock,0.7697052955627441
/m/06msq,Sculpture,/m/0152hh,Snowman,/m/04yqq2,Bust,0.4001506567001343
/m/06msq,Sculpture,/m/0152hh,Snowman,/m/01yx86,Bronze sculpture,0.3693941533565521
/m/06msq,Sculpture,/m/04yqq2,Bust,/m/01yx86,Bronze sculpture,0.4417096972465515
/m/0h8nr_l,Bathroom accessory,/m/0162_1,Towel,/m/09gtd,Toilet paper,0.656453013420105
/m/0h8nr_l,Bathroom accessory,/m/0162_1,Towel,/m/0c3mkw,Soap dispenser,0.5239965915679932
/m/0h8nr_l,Bathroom accessory,/m/0162_1,Towel,/m/0h8nsvg,Facial tissue holder,0.47566327452659607
/m/0h8nr_l,Bathroom accessory,/m/09gtd,Toilet paper,/m/0c3mkw,Soap dispenser,0.6121602058410645
/m/0h8nr_l,Bathroom accessory,/m/09gtd,Toilet paper,/m/0h8nsvg,Facial tissue holder,0.4900127053260803
/m/0h8nr_l,Bathroom accessory,/m/0c3mkw,Soap dispenser,/m/0h8nsvg,Facial tissue holder,0.4976572096347809
/m/01xgg_,Medical equipment,/m/012ysf,Syringe,/m/02lbcq,Stretcher,0.4636653959751129
/m/01xgg_,Medical equipment,/m/012ysf,Syringe,/m/073g6,Stethoscope,0.5465859174728394
/m/01xgg_,Medical equipment,/m/012ysf,Syringe,/m/0j496,Band-aid,0.5180440545082092
/m/01xgg_,Medical equipment,/m/02lbcq,Stretcher,/m/073g6,Stethoscope,0.5645902752876282
/m/01xgg_,Medical equipment,/m/02lbcq,Stretcher,/m/0j496,Band-aid,0.4627395570278168
/m/01xgg_,Medical equipment,/m/073g6,Stethoscope,/m/0j496,Band-aid,0.5263162851333618
/m/04szw,Musical instrument,/m/013y1f,Organ (Musical Instrument),/m/018j2,Banjo,0.46989068388938904
/m/04szw,Musical instrument,/m/013y1f,Organ (Musical Instrument),/m/01xqw,Cello,0.5831262469291687
/m/04szw,Musical instrument,/m/013y1f,Organ (Musical Instrument),/m/026t6,Drum,0.4819788634777069
/m/04szw,Musical instrument,/m/013y1f,Organ (Musical Instrument),/m/0319l,French horn,0.48104146122932434
/m/04szw,Musical instrument,/m/013y1f,Organ (Musical Instrument),/m/0342h,Guitar,0.5773378610610962
/m/04szw,Musical instrument,/m/013y1f,Organ (Musical Instrument),/m/03m5k,Harp,0.49009451270103455
/m/04szw,Musical instrument,/m/013y1f,Organ (Musical Instrument),/m/03q5t,Harpsichord,0.5455690622329712
/m/04szw,Musical instrument,/m/013y1f,Organ (Musical Instrument),/m/03qjg,Harmonica,0.4726935029029846
/m/04szw,Musical instrument,/m/013y1f,Organ (Musical Instrument),/m/057cc,Musical keyboard,0.5778157711029053
/m/04szw,Musical instrument,/m/013y1f,Organ (Musical Instrument),/m/05kms,Oboe,0.36300668120384216
/m/04szw,Musical instrument,/m/013y1f,Organ (Musical Instrument),/m/05r5c,Piano,0.6000254154205322
/m/04szw,Musical instrument,/m/013y1f,Organ (Musical Instrument),/m/06ncr,Saxophone,0.5864594578742981
/m/04szw,Musical instrument,/m/013y1f,Organ (Musical Instrument),/m/07c6l,Trombone,0.5244402885437012
/m/04szw,Musical instrument,/m/013y1f,Organ (Musical Instrument),/m/07gql,Trumpet,0.5211473703384399
/m/04szw,Musical instrument,/m/013y1f,Organ (Musical Instrument),/m/07y_7,Violin,0.6286108493804932
/m/04szw,Musical instrument,/m/013y1f,Organ (Musical Instrument),/m/0f8s22,Chime,0.3478204011917114
/m/04szw,Musical instrument,/m/013y1f,Organ (Musical Instrument),/m/0l14j_,Flute,0.4965328574180603
/m/04szw,Musical instrument,/m/013y1f,Organ (Musical Instrument),/m/0mkg,Accordion,0.49601513147354126
/m/04szw,Musical instrument,/m/013y1f,Organ (Musical Instrument),/m/0xzly,Maraca,0.2929859459400177
/m/04szw,Musical instrument,/m/018j2,Banjo,/m/01xqw,Cello,0.6316832304000854
/m/04szw,Musical instrument,/m/018j2,Banjo,/m/026t6,Drum,0.5405259728431702
/m/04szw,Musical instrument,/m/018j2,Banjo,/m/0319l,French horn,0.5062823295593262
/m/04szw,Musical instrument,/m/018j2,Banjo,/m/0342h,Guitar,0.5665016174316406
/m/04szw,Musical instrument,/m/018j2,Banjo,/m/03m5k,Harp,0.4949358403682709
/m/04szw,Musical instrument,/m/018j2,Banjo,/m/03q5t,Harpsichord,0.5229358077049255
/m/04szw,Musical instrument,/m/018j2,Banjo,/m/03qjg,Harmonica,0.42420920729637146
/m/04szw,Musical instrument,/m/018j2,Banjo,/m/057cc,Musical keyboard,0.5326574444770813
/m/04szw,Musical instrument,/m/018j2,Banjo,/m/05kms,Oboe,0.5082611441612244
/m/04szw,Musical instrument,/m/018j2,Banjo,/m/05r5c,Piano,0.6270508766174316
/m/04szw,Musical instrument,/m/018j2,Banjo,/m/06ncr,Saxophone,0.6043557524681091
/m/04szw,Musical instrument,/m/018j2,Banjo,/m/07c6l,Trombone,0.5477759838104248
/m/04szw,Musical instrument,/m/018j2,Banjo,/m/07gql,Trumpet,0.501571774482727
/m/04szw,Musical instrument,/m/018j2,Banjo,/m/07y_7,Violin,0.5815016031265259
/m/04szw,Musical instrument,/m/018j2,Banjo,/m/0f8s22,Chime,0.3921082019805908
/m/04szw,Musical instrument,/m/018j2,Banjo,/m/0l14j_,Flute,0.558522641658783
/m/04szw,Musical instrument,/m/018j2,Banjo,/m/0mkg,Accordion,0.5084181427955627
/m/04szw,Musical instrument,/m/018j2,Banjo,/m/0xzly,Maraca,0.3742191195487976
/m/04szw,Musical instrument,/m/01xqw,Cello,/m/026t6,Drum,0.5891997814178467
/m/04szw,Musical instrument,/m/01xqw,Cello,/m/0319l,French horn,0.4883592128753662
/m/04szw,Musical instrument,/m/01xqw,Cello,/m/0342h,Guitar,0.7039648294448853
/m/04szw,Musical instrument,/m/01xqw,Cello,/m/03m5k,Harp,0.5511698722839355
/m/04szw,Musical instrument,/m/01xqw,Cello,/m/03q5t,Harpsichord,0.5664970278739929
/m/04szw,Musical instrument,/m/01xqw,Cello,/m/03qjg,Harmonica,0.5264115929603577
/m/04szw,Musical instrument,/m/01xqw,Cello,/m/057cc,Musical keyboard,0.6208294630050659
/m/04szw,Musical instrument,/m/01xqw,Cello,/m/05kms,Oboe,0.5229829549789429
/m/04szw,Musical instrument,/m/01xqw,Cello,/m/05r5c,Piano,0.7546267509460449
/m/04szw,Musical instrument,/m/01xqw,Cello,/m/06ncr,Saxophone,0.7329522371292114
/m/04szw,Musical instrument,/m/01xqw,Cello,/m/07c6l,Trombone,0.6079262495040894
/m/04szw,Musical instrument,/m/01xqw,Cello,/m/07gql,Trumpet,0.5857823491096497
/m/04szw,Musical instrument,/m/01xqw,Cello,/m/07y_7,Violin,0.7642104029655457
/m/04szw,Musical instrument,/m/01xqw,Cello,/m/0f8s22,Chime,0.4770221412181854
/m/04szw,Musical instrument,/m/01xqw,Cello,/m/0l14j_,Flute,0.617444634437561
/m/04szw,Musical instrument,/m/01xqw,Cello,/m/0mkg,Accordion,0.5517278909683228
/m/04szw,Musical instrument,/m/01xqw,Cello,/m/0xzly,Maraca,0.4066585898399353
/m/04szw,Musical instrument,/m/026t6,Drum,/m/0319l,French horn,0.48831313848495483
/m/04szw,Musical instrument,/m/026t6,Drum,/m/0342h,Guitar,0.6313272714614868
/m/04szw,Musical instrument,/m/026t6,Drum,/m/03m5k,Harp,0.5220431089401245
/m/04szw,Musical instrument,/m/026t6,Drum,/m/03q5t,Harpsichord,0.49032431840896606
/m/04szw,Musical instrument,/m/026t6,Drum,/m/03qjg,Harmonica,0.4589746594429016
/m/04szw,Musical instrument,/m/026t6,Drum,/m/057cc,Musical keyboard,0.5981333255767822
/m/04szw,Musical instrument,/m/026t6,Drum,/m/05kms,Oboe,0.4791145920753479
/m/04szw,Musical instrument,/m/026t6,Drum,/m/05r5c,Piano,0.6453408598899841
/m/04szw,Musical instrument,/m/026t6,Drum,/m/06ncr,Saxophone,0.5570874214172363
/m/04szw,Musical instrument,/m/026t6,Drum,/m/07c6l,Trombone,0.5911505818367004
/m/04szw,Musical instrument,/m/026t6,Drum,/m/07gql,Trumpet,0.6219213008880615
/m/04szw,Musical instrument,/m/026t6,Drum,/m/07y_7,Violin,0.6004709005355835
/m/04szw,Musical instrument,/m/026t6,Drum,/m/0f8s22,Chime,0.4688863754272461
/m/04szw,Musical instrument,/m/026t6,Drum,/m/0l14j_,Flute,0.6238414645195007
/m/04szw,Musical instrument,/m/026t6,Drum,/m/0mkg,Accordion,0.4870416522026062
/m/04szw,Musical instrument,/m/026t6,Drum,/m/0xzly,Maraca,0.37423813343048096
/m/04szw,Musical instrument,/m/0319l,French horn,/m/0342h,Guitar,0.47514334321022034
/m/04szw,Musical instrument,/m/0319l,French horn,/m/03m5k,Harp,0.5466868877410889
/m/04szw,Musical instrument,/m/0319l,French horn,/m/03q5t,Harpsichord,0.5244469046592712
/m/04szw,Musical instrument,/m/0319l,French horn,/m/03qjg,Harmonica,0.48710039258003235
/m/04szw,Musical instrument,/m/0319l,French horn,/m/057cc,Musical keyboard,0.5192601680755615
/m/04szw,Musical instrument,/m/0319l,French horn,/m/05kms,Oboe,0.3466472625732422
/m/04szw,Musical instrument,/m/0319l,French horn,/m/05r5c,Piano,0.5177054405212402
/m/04szw,Musical instrument,/m/0319l,French horn,/m/06ncr,Saxophone,0.5237648487091064
/m/04szw,Musical instrument,/m/0319l,French horn,/m/07c6l,Trombone,0.48455649614334106
/m/04szw,Musical instrument,/m/0319l,French horn,/m/07gql,Trumpet,0.5028101801872253
/m/04szw,Musical instrument,/m/0319l,French horn,/m/07y_7,Violin,0.5288045406341553
/m/04szw,Musical instrument,/m/0319l,French horn,/m/0f8s22,Chime,0.3929045796394348
/m/04szw,Musical instrument,/m/0319l,French horn,/m/0l14j_,Flute,0.4998568296432495
/m/04szw,Musical instrument,/m/0319l,French horn,/m/0mkg,Accordion,0.44484248757362366
/m/04szw,Musical instrument,/m/0319l,French horn,/m/0xzly,Maraca,0.3181622624397278
/m/04szw,Musical instrument,/m/0342h,Guitar,/m/03m5k,Harp,0.5560405850410461
/m/04szw,Musical instrument,/m/0342h,Guitar,/m/03q5t,Harpsichord,0.5821782350540161
/m/04szw,Musical instrument,/m/0342h,Guitar,/m/03qjg,Harmonica,0.480800986289978
/m/04szw,Musical instrument,/m/0342h,Guitar,/m/057cc,Musical keyboard,0.6783637404441833
/m/04szw,Musical instrument,/m/0342h,Guitar,/m/05kms,Oboe,0.48404189944267273
/m/04szw,Musical instrument,/m/0342h,Guitar,/m/05r5c,Piano,0.7357285022735596
/m/04szw,Musical instrument,/m/0342h,Guitar,/m/06ncr,Saxophone,0.6812917590141296
/m/04szw,Musical instrument,/m/0342h,Guitar,/m/07c6l,Trombone,0.580021321773529
/m/04szw,Musical instrument,/m/0342h,Guitar,/m/07gql,Trumpet,0.6331195831298828
/m/04szw,Musical instrument,/m/0342h,Guitar,/m/07y_7,Violin,0.733063280582428
/m/04szw,Musical instrument,/m/0342h,Guitar,/m/0f8s22,Chime,0.42526665329933167
/m/04szw,Musical instrument,/m/0342h,Guitar,/m/0l14j_,Flute,0.5935198068618774
/m/04szw,Musical instrument,/m/0342h,Guitar,/m/0mkg,Accordion,0.5522571802139282
/m/04szw,Musical instrument,/m/0342h,Guitar,/m/0xzly,Maraca,0.3707513213157654
/m/04szw,Musical instrument,/m/03m5k,Harp,/m/03q5t,Harpsichord,0.6928069591522217
/m/04szw,Musical instrument,/m/03m5k,Harp,/m/03qjg,Harmonica,0.5475440621376038
/m/04szw,Musical instrument,/m/03m5k,Harp,/m/057cc,Musical keyboard,0.5096456408500671
/m/04szw,Musical instrument,/m/03m5k,Harp,/m/05kms,Oboe,0.4555516541004181
/m/04szw,Musical instrument,/m/03m5k,Harp,/m/05r5c,Piano,0.5446311831474304
/m/04szw,Musical instrument,/m/03m5k,Harp,/m/06ncr,Saxophone,0.5532208681106567
/m/04szw,Musical instrument,/m/03m5k,Harp,/m/07c6l,Trombone,0.4961104393005371
/m/04szw,Musical instrument,/m/03m5k,Harp,/m/07gql,Trumpet,0.5827869772911072
/m/04szw,Musical instrument,/m/03m5k,Harp,/m/07y_7,Violin,0.5453599095344543
/m/04szw,Musical instrument,/m/03m5k,Harp,/m/0f8s22,Chime,0.46028080582618713
/m/04szw,Musical instrument,/m/03m5k,Harp,/m/0l14j_,Flute,0.5197807550430298
/m/04szw,Musical instrument,/m/03m5k,Harp,/m/0mkg,Accordion,0.5268441438674927
/m/04szw,Musical instrument,/m/03m5k,Harp,/m/0xzly,Maraca,0.3596131205558777
/m/04szw,Musical instrument,/m/03q5t,Harpsichord,/m/03qjg,Harmonica,0.5271002650260925
/m/04szw,Musical instrument,/m/03q5t,Harpsichord,/m/057cc,Musical keyboard,0.5360023975372314
/m/04szw,Musical instrument,/m/03q5t,Harpsichord,/m/05kms,Oboe,0.4163062572479248
/m/04szw,Musical instrument,/m/03q5t,Harpsichord,/m/05r5c,Piano,0.5672235488891602
/m/04szw,Musical instrument,/m/03q5t,Harpsichord,/m/06ncr,Saxophone,0.6008689999580383
/m/04szw,Musical instrument,/m/03q5t,Harpsichord,/m/07c6l,Trombone,0.5231759548187256
/m/04szw,Musical instrument,/m/03q5t,Harpsichord,/m/07gql,Trumpet,0.5799272656440735
/m/04szw,Musical instrument,/m/03q5t,Harpsichord,/m/07y_7,Violin,0.5857987403869629
/m/04szw,Musical instrument,/m/03q5t,Harpsichord,/m/0f8s22,Chime,0.44362741708755493
/m/04szw,Musical instrument,/m/03q5t,Harpsichord,/m/0l14j_,Flute,0.5114363431930542
/m/04szw,Musical instrument,/m/03q5t,Harpsichord,/m/0mkg,Accordion,0.6004567742347717
/m/04szw,Musical instrument,/m/03q5t,Harpsichord,/m/0xzly,Maraca,0.39899691939353943
/m/04szw,Musical instrument,/m/03qjg,Harmonica,/m/057cc,Musical keyboard,0.4951147139072418
/m/04szw,Musical instrument,/m/03qjg,Harmonica,/m/05kms,Oboe,0.4147074818611145
/m/04szw,Musical instrument,/m/03qjg,Harmonica,/m/05r5c,Piano,0.5577186346054077
/m/04szw,Musical instrument,/m/03qjg,Harmonica,/m/06ncr,Saxophone,0.5148033499717712
/m/04szw,Musical instrument,/m/03qjg,Harmonica,/m/07c6l,Trombone,0.5389788746833801
/m/04szw,Musical instrument,/m/03qjg,Harmonica,/m/07gql,Trumpet,0.4771413207054138
/m/04szw,Musical instrument,/m/03qjg,Harmonica,/m/07y_7,Violin,0.5555797815322876
/m/04szw,Musical instrument,/m/03qjg,Harmonica,/m/0f8s22,Chime,0.47362667322158813
/m/04szw,Musical instrument,/m/03qjg,Harmonica,/m/0l14j_,Flute,0.44878751039505005
/m/04szw,Musical instrument,/m/03qjg,Harmonica,/m/0mkg,Accordion,0.5495433807373047
/m/04szw,Musical instrument,/m/03qjg,Harmonica,/m/0xzly,Maraca,0.49523186683654785
/m/04szw,Musical instrument,/m/057cc,Musical keyboard,/m/05kms,Oboe,0.42645299434661865
/m/04szw,Musical instrument,/m/057cc,Musical keyboard,/m/05r5c,Piano,0.7136887907981873
/m/04szw,Musical instrument,/m/057cc,Musical keyboard,/m/06ncr,Saxophone,0.5906414985656738
/m/04szw,Musical instrument,/m/057cc,Musical keyboard,/m/07c6l,Trombone,0.5072277784347534
/m/04szw,Musical instrument,/m/057cc,Musical keyboard,/m/07gql,Trumpet,0.5942674875259399
/m/04szw,Musical instrument,/m/057cc,Musical keyboard,/m/07y_7,Violin,0.6661210060119629
/m/04szw,Musical instrument,/m/057cc,Musical keyboard,/m/0f8s22,Chime,0.41850006580352783
/m/04szw,Musical instrument,/m/057cc,Musical keyboard,/m/0l14j_,Flute,0.5745220184326172
/m/04szw,Musical instrument,/m/057cc,Musical keyboard,/m/0mkg,Accordion,0.5188037157058716
/m/04szw,Musical instrument,/m/057cc,Musical keyboard,/m/0xzly,Maraca,0.33335769176483154
/m/04szw,Musical instrument,/m/05kms,Oboe,/m/05r5c,Piano,0.4998108446598053
/m/04szw,Musical instrument,/m/05kms,Oboe,/m/06ncr,Saxophone,0.49817144870758057
/m/04szw,Musical instrument,/m/05kms,Oboe,/m/07c6l,Trombone,0.5094782114028931
/m/04szw,Musical instrument,/m/05kms,Oboe,/m/07gql,Trumpet,0.4560302495956421
/m/04szw,Musical instrument,/m/05kms,Oboe,/m/07y_7,Violin,0.49664685130119324
/m/04szw,Musical instrument,/m/05kms,Oboe,/m/0f8s22,Chime,0.48483461141586304
/m/04szw,Musical instrument,/m/05kms,Oboe,/m/0l14j_,Flute,0.4751746356487274
/m/04szw,Musical instrument,/m/05kms,Oboe,/m/0mkg,Accordion,0.4477940797805786
/m/04szw,Musical instrument,/m/05kms,Oboe,/m/0xzly,Maraca,0.3490782678127289
/m/04szw,Musical instrument,/m/05r5c,Piano,/m/06ncr,Saxophone,0.7221193909645081
/m/04szw,Musical instrument,/m/05r5c,Piano,/m/07c6l,Trombone,0.6050989031791687
/m/04szw,Musical instrument,/m/05r5c,Piano,/m/07gql,Trumpet,0.631393551826477
/m/04szw,Musical instrument,/m/05r5c,Piano,/m/07y_7,Violin,0.7573221921920776
/m/04szw,Musical instrument,/m/05r5c,Piano,/m/0f8s22,Chime,0.4649712145328522
/m/04szw,Musical instrument,/m/05r5c,Piano,/m/0l14j_,Flute,0.6073522567749023
/m/04szw,Musical instrument,/m/05r5c,Piano,/m/0mkg,Accordion,0.5583739280700684
/m/04szw,Musical instrument,/m/05r5c,Piano,/m/0xzly,Maraca,0.347825825214386
/m/04szw,Musical instrument,/m/06ncr,Saxophone,/m/07c6l,Trombone,0.6090242862701416
/m/04szw,Musical instrument,/m/06ncr,Saxophone,/m/07gql,Trumpet,0.6136205196380615
/m/04szw,Musical instrument,/m/06ncr,Saxophone,/m/07y_7,Violin,0.7249332070350647
/m/04szw,Musical instrument,/m/06ncr,Saxophone,/m/0f8s22,Chime,0.42342081665992737
/m/04szw,Musical instrument,/m/06ncr,Saxophone,/m/0l14j_,Flute,0.5963941216468811
/m/04szw,Musical instrument,/m/06ncr,Saxophone,/m/0mkg,Accordion,0.5373356938362122
/m/04szw,Musical instrument,/m/06ncr,Saxophone,/m/0xzly,Maraca,0.39253032207489014
/m/04szw,Musical instrument,/m/07c6l,Trombone,/m/07gql,Trumpet,0.5883676409721375
/m/04szw,Musical instrument,/m/07c6l,Trombone,/m/07y_7,Violin,0.6037551164627075
/m/04szw,Musical instrument,/m/07c6l,Trombone,/m/0f8s22,Chime,0.4783211946487427
/m/04szw,Musical instrument,/m/07c6l,Trombone,/m/0l14j_,Flute,0.600757360458374
/m/04szw,Musical instrument,/m/07c6l,Trombone,/m/0mkg,Accordion,0.5444003343582153
/m/04szw,Musical instrument,/m/07c6l,Trombone,/m/0xzly,Maraca,0.3800477981567383
/m/04szw,Musical instrument,/m/07gql,Trumpet,/m/07y_7,Violin,0.6552809476852417
/m/04szw,Musical instrument,/m/07gql,Trumpet,/m/0f8s22,Chime,0.48909908533096313
/m/04szw,Musical instrument,/m/07gql,Trumpet,/m/0l14j_,Flute,0.6269774436950684
/m/04szw,Musical instrument,/m/07gql,Trumpet,/m/0mkg,Accordion,0.5236456394195557
/m/04szw,Musical instrument,/m/07gql,Trumpet,/m/0xzly,Maraca,0.3987048864364624
/m/04szw,Musical instrument,/m/07y_7,Violin,/m/0f8s22,Chime,0.4535677433013916
/m/04szw,Musical instrument,/m/07y_7,Violin,/m/0l14j_,Flute,0.6781765222549438
/m/04szw,Musical instrument,/m/07y_7,Violin,/m/0mkg,Accordion,0.568109393119812
/m/04szw,Musical instrument,/m/07y_7,Violin,/m/0xzly,Maraca,0.3822745680809021
/m/04szw,Musical instrument,/m/0f8s22,Chime,/m/0l14j_,Flute,0.5184628367424011
/m/04szw,Musical instrument,/m/0f8s22,Chime,/m/0mkg,Accordion,0.4091697335243225
/m/04szw,Musical instrument,/m/0f8s22,Chime,/m/0xzly,Maraca,0.3575495481491089
/m/04szw,Musical instrument,/m/0l14j_,Flute,/m/0mkg,Accordion,0.4984140396118164
/m/04szw,Musical instrument,/m/0l14j_,Flute,/m/0xzly,Maraca,0.3664919137954712
/m/04szw,Musical instrument,/m/0mkg,Accordion,/m/0xzly,Maraca,0.3294334411621094
/m/018xm,Ball (Object),/m/01226z,Football,/m/02ctlc,Cricket ball,0.626019299030304
/m/018xm,Ball (Object),/m/01226z,Football,/m/02rgn06,Volleyball (Ball),0.540843665599823
/m/018xm,Ball (Object),/m/01226z,Football,/m/05ctyq,Tennis ball,0.5693793296813965
/m/018xm,Ball (Object),/m/01226z,Football,/m/0wdt60w,Rugby ball,0.6632635593414307
/m/018xm,Ball (Object),/m/02ctlc,Cricket ball,/m/02rgn06,Volleyball (Ball),0.4797820448875427
/m/018xm,Ball (Object),/m/02ctlc,Cricket ball,/m/05ctyq,Tennis ball,0.7555986046791077
/m/018xm,Ball (Object),/m/02ctlc,Cricket ball,/m/0wdt60w,Rugby ball,0.7882883548736572
/m/018xm,Ball (Object),/m/02rgn06,Volleyball (Ball),/m/05ctyq,Tennis ball,0.581616997718811
/m/018xm,Ball (Object),/m/02rgn06,Volleyball (Ball),/m/0wdt60w,Rugby ball,0.5352336168289185
/m/018xm,Ball (Object),/m/05ctyq,Tennis ball,/m/0wdt60w,Rugby ball,0.7258329391479492
/m/0dv9c,Racket,/m/0h8my_4,Tennis racket,/m/05_5p_0,Table tennis racket,0.9214935302734375
/m/0zvk5,Helmet,/m/03p3bw,Bicycle helmet,/m/07qxg_,Football helmet,0.7517296075820923
/m/011q46kg,Container,/m/02jnhm,Tin can,/m/02zn6n,Barrel,0.45266395807266235
/m/011q46kg,Container,/m/02jnhm,Tin can,/m/04dr76w,Bottle,0.5225049257278442
/m/011q46kg,Container,/m/02jnhm,Tin can,/m/07kng9,Picnic basket,0.5918759107589722
/m/011q46kg,Container,/m/02jnhm,Tin can,/m/08hvt4,Jug,0.4196355938911438
/m/011q46kg,Container,/m/02jnhm,Tin can,/m/0bjyj5,Waste container,0.5841047167778015
/m/011q46kg,Container,/m/02jnhm,Tin can,/m/0d20w4,Beaker,0.457956999540329
/m/011q46kg,Container,/m/02jnhm,Tin can,/m/0fm3zh,Flowerpot,0.42855095863342285
/m/011q46kg,Container,/m/02zn6n,Barrel,/m/04dr76w,Bottle,0.6995017528533936
/m/011q46kg,Container,/m/02zn6n,Barrel,/m/07kng9,Picnic basket,0.5333048701286316
/m/011q46kg,Container,/m/02zn6n,Barrel,/m/08hvt4,Jug,0.4648358225822449
/m/011q46kg,Container,/m/02zn6n,Barrel,/m/0bjyj5,Waste container,0.54754638671875
/m/011q46kg,Container,/m/02zn6n,Barrel,/m/0d20w4,Beaker,0.5237001180648804
/m/011q46kg,Container,/m/02zn6n,Barrel,/m/0fm3zh,Flowerpot,0.44665417075157166
/m/011q46kg,Container,/m/04dr76w,Bottle,/m/07kng9,Picnic basket,0.548839807510376
/m/011q46kg,Container,/m/04dr76w,Bottle,/m/08hvt4,Jug,0.4064366817474365
/m/011q46kg,Container,/m/04dr76w,Bottle,/m/0bjyj5,Waste container,0.5424944758415222
/m/011q46kg,Container,/m/04dr76w,Bottle,/m/0d20w4,Beaker,0.5618994832038879
/m/011q46kg,Container,/m/04dr76w,Bottle,/m/0fm3zh,Flowerpot,0.516431450843811
/m/011q46kg,Container,/m/07kng9,Picnic basket,/m/08hvt4,Jug,0.391671359539032
/m/011q46kg,Container,/m/07kng9,Picnic basket,/m/0bjyj5,Waste container,0.6143009662628174
/m/011q46kg,Container,/m/07kng9,Picnic basket,/m/0d20w4,Beaker,0.45908820629119873
/m/011q46kg,Container,/m/07kng9,Picnic basket,/m/0fm3zh,Flowerpot,0.4418463110923767
/m/011q46kg,Container,/m/08hvt4,Jug,/m/0bjyj5,Waste container,0.45086929202079773
/m/011q46kg,Container,/m/08hvt4,Jug,/m/0d20w4,Beaker,0.4341144561767578
/m/011q46kg,Container,/m/08hvt4,Jug,/m/0fm3zh,Flowerpot,0.407304048538208
/m/011q46kg,Container,/m/0bjyj5,Waste container,/m/0d20w4,Beaker,0.4876962900161743
/m/011q46kg,Container,/m/0bjyj5,Waste container,/m/0fm3zh,Flowerpot,0.42519432306289673
/m/011q46kg,Container,/m/0d20w4,Beaker,/m/0fm3zh,Flowerpot,0.43963193893432617
/m/03hlz0c,Kitchen utensil,/m/01_5g,Chopsticks,/m/027rl48,Ladle,0.3827231228351593
/m/03hlz0c,Kitchen utensil,/m/01_5g,Chopsticks,/m/02d1br,Spatula,0.534273624420166
/m/03hlz0c,Kitchen utensil,/m/01_5g,Chopsticks,/m/02mqfb,Can opener,0.3430207371711731
/m/03hlz0c,Kitchen utensil,/m/01_5g,Chopsticks,/m/02pdsw,Cutting board,0.5807355642318726
/m/03hlz0c,Kitchen utensil,/m/01_5g,Chopsticks,/m/02vwcm,Whisk,0.5894169807434082
/m/03hlz0c,Kitchen utensil,/m/01_5g,Chopsticks,/m/03v5tg,Drinking straw,0.5059287548065186
/m/03hlz0c,Kitchen utensil,/m/01_5g,Chopsticks,/m/04ctx,Knife,0.5629638433456421
/m/03hlz0c,Kitchen utensil,/m/01_5g,Chopsticks,/m/04f5ws,Bottle opener,0.45563822984695435
/m/03hlz0c,Kitchen utensil,/m/01_5g,Chopsticks,/m/07v9_z,Measuring cup,0.4635271430015564
/m/03hlz0c,Kitchen utensil,/m/01_5g,Chopsticks,/m/08ks85,Pizza cutter,0.4938634932041168
/m/03hlz0c,Kitchen utensil,/m/01_5g,Chopsticks,/m/0cmx8,Spoon,0.5611612200737
/m/03hlz0c,Kitchen utensil,/m/01_5g,Chopsticks,/m/0dt3t,Fork,0.533470630645752
/m/03hlz0c,Kitchen utensil,/m/027rl48,Ladle,/m/02d1br,Spatula,0.4362073540687561
/m/03hlz0c,Kitchen utensil,/m/027rl48,Ladle,/m/02mqfb,Can opener,0.3343842625617981
/m/03hlz0c,Kitchen utensil,/m/027rl48,Ladle,/m/02pdsw,Cutting board,0.3805309534072876
/m/03hlz0c,Kitchen utensil,/m/027rl48,Ladle,/m/02vwcm,Whisk,0.4147111177444458
/m/03hlz0c,Kitchen utensil,/m/027rl48,Ladle,/m/03v5tg,Drinking straw,0.3460529148578644
/m/03hlz0c,Kitchen utensil,/m/027rl48,Ladle,/m/04ctx,Knife,0.44656431674957275
/m/03hlz0c,Kitchen utensil,/m/027rl48,Ladle,/m/04f5ws,Bottle opener,0.4107804000377655
/m/03hlz0c,Kitchen utensil,/m/027rl48,Ladle,/m/07v9_z,Measuring cup,0.357065349817276
/m/03hlz0c,Kitchen utensil,/m/027rl48,Ladle,/m/08ks85,Pizza cutter,0.34651538729667664
/m/03hlz0c,Kitchen utensil,/m/027rl48,Ladle,/m/0cmx8,Spoon,0.3759881556034088
/m/03hlz0c,Kitchen utensil,/m/027rl48,Ladle,/m/0dt3t,Fork,0.45032525062561035
/m/03hlz0c,Kitchen utensil,/m/02d1br,Spatula,/m/02mqfb,Can opener,0.35811859369277954
/m/03hlz0c,Kitchen utensil,/m/02d1br,Spatula,/m/02pdsw,Cutting board,0.5927632451057434
/m/03hlz0c,Kitchen utensil,/m/02d1br,Spatula,/m/02vwcm,Whisk,0.44070887565612793
/m/03hlz0c,Kitchen utensil,/m/02d1br,Spatula,/m/03v5tg,Drinking straw,0.5228811502456665
/m/03hlz0c,Kitchen utensil,/m/02d1br,Spatula,/m/04ctx,Knife,0.6162630915641785
/m/03hlz0c,Kitchen utensil,/m/02d1br,Spatula,/m/04f5ws,Bottle opener,0.5111085176467896
/m/03hlz0c,Kitchen utensil,/m/02d1br,Spatula,/m/07v9_z,Measuring cup,0.5046277046203613
/m/03hlz0c,Kitchen utensil,/m/02d1br,Spatula,/m/08ks85,Pizza cutter,0.5649805068969727
/m/03hlz0c,Kitchen utensil,/m/02d1br,Spatula,/m/0cmx8,Spoon,0.658685564994812
/m/03hlz0c,Kitchen utensil,/m/02d1br,Spatula,/m/0dt3t,Fork,0.5256895422935486
/m/03hlz0c,Kitchen utensil,/m/02mqfb,Can opener,/m/02pdsw,Cutting board,0.40956252813339233
/m/03hlz0c,Kitchen utensil,/m/02mqfb,Can opener,/m/02vwcm,Whisk,0.33997446298599243
/m/03hlz0c,Kitchen utensil,/m/02mqfb,Can opener,/m/03v5tg,Drinking straw,0.39345306158065796
/m/03hlz0c,Kitchen utensil,/m/02mqfb,Can opener,/m/04ctx,Knife,0.37668532133102417
/m/03hlz0c,Kitchen utensil,/m/02mqfb,Can opener,/m/04f5ws,Bottle opener,0.6559803485870361
/m/03hlz0c,Kitchen utensil,/m/02mqfb,Can opener,/m/07v9_z,Measuring cup,0.41345587372779846
/m/03hlz0c,Kitchen utensil,/m/02mqfb,Can opener,/m/08ks85,Pizza cutter,0.4231484532356262
/m/03hlz0c,Kitchen utensil,/m/02mqfb,Can opener,/m/0cmx8,Spoon,0.36197012662887573
/m/03hlz0c,Kitchen utensil,/m/02mqfb,Can opener,/m/0dt3t,Fork,0.3278738558292389
/m/03hlz0c,Kitchen utensil,/m/02pdsw,Cutting board,/m/02vwcm,Whisk,0.46279481053352356
/m/03hlz0c,Kitchen utensil,/m/02pdsw,Cutting board,/m/03v5tg,Drinking straw,0.571045994758606
/m/03hlz0c,Kitchen utensil,/m/02pdsw,Cutting board,/m/04ctx,Knife,0.6022597551345825
/m/03hlz0c,Kitchen utensil,/m/02pdsw,Cutting board,/m/04f5ws,Bottle opener,0.5149754881858826
/m/03hlz0c,Kitchen utensil,/m/02pdsw,Cutting board,/m/07v9_z,Measuring cup,0.622795581817627
/m/03hlz0c,Kitchen utensil,/m/02pdsw,Cutting board,/m/08ks85,Pizza cutter,0.7128597497940063
/m/03hlz0c,Kitchen utensil,/m/02pdsw,Cutting board,/m/0cmx8,Spoon,0.5581264495849609
/m/03hlz0c,Kitchen utensil,/m/02pdsw,Cutting board,/m/0dt3t,Fork,0.5371288061141968
/m/03hlz0c,Kitchen utensil,/m/02vwcm,Whisk,/m/03v5tg,Drinking straw,0.5051395297050476
/m/03hlz0c,Kitchen utensil,/m/02vwcm,Whisk,/m/04ctx,Knife,0.5181710720062256
/m/03hlz0c,Kitchen utensil,/m/02vwcm,Whisk,/m/04f5ws,Bottle opener,0.4528830647468567
/m/03hlz0c,Kitchen utensil,/m/02vwcm,Whisk,/m/07v9_z,Measuring cup,0.4332340359687805
/m/03hlz0c,Kitchen utensil,/m/02vwcm,Whisk,/m/08ks85,Pizza cutter,0.38531339168548584
/m/03hlz0c,Kitchen utensil,/m/02vwcm,Whisk,/m/0cmx8,Spoon,0.518818736076355
/m/03hlz0c,Kitchen utensil,/m/02vwcm,Whisk,/m/0dt3t,Fork,0.5219354629516602
/m/03hlz0c,Kitchen utensil,/m/03v5tg,Drinking straw,/m/04ctx,Knife,0.48828089237213135
/m/03hlz0c,Kitchen utensil,/m/03v5tg,Drinking straw,/m/04f5ws,Bottle opener,0.5888152122497559
/m/03hlz0c,Kitchen utensil,/m/03v5tg,Drinking straw,/m/07v9_z,Measuring cup,0.6425439119338989
/m/03hlz0c,Kitchen utensil,/m/03v5tg,Drinking straw,/m/08ks85,Pizza cutter,0.46836212277412415
/m/03hlz0c,Kitchen utensil,/m/03v5tg,Drinking straw,/m/0cmx8,Spoon,0.5665377974510193
/m/03hlz0c,Kitchen utensil,/m/03v5tg,Drinking straw,/m/0dt3t,Fork,0.4547363817691803
/m/03hlz0c,Kitchen utensil,/m/04ctx,Knife,/m/04f5ws,Bottle opener,0.4477223753929138
/m/03hlz0c,Kitchen utensil,/m/04ctx,Knife,/m/07v9_z,Measuring cup,0.43411126732826233
/m/03hlz0c,Kitchen utensil,/m/04ctx,Knife,/m/08ks85,Pizza cutter,0.5298959016799927
/m/03hlz0c,Kitchen utensil,/m/04ctx,Knife,/m/0cmx8,Spoon,0.6315356492996216
/m/03hlz0c,Kitchen utensil,/m/04ctx,Knife,/m/0dt3t,Fork,0.5951507687568665
/m/03hlz0c,Kitchen utensil,/m/04f5ws,Bottle opener,/m/07v9_z,Measuring cup,0.5932033061981201
/m/03hlz0c,Kitchen utensil,/m/04f5ws,Bottle opener,/m/08ks85,Pizza cutter,0.4821409285068512
/m/03hlz0c,Kitchen utensil,/m/04f5ws,Bottle opener,/m/0cmx8,Spoon,0.4914284646511078
/m/03hlz0c,Kitchen utensil,/m/04f5ws,Bottle opener,/m/0dt3t,Fork,0.4051769971847534
/m/03hlz0c,Kitchen utensil,/m/07v9_z,Measuring cup,/m/08ks85,Pizza cutter,0.5933753252029419
/m/03hlz0c,Kitchen utensil,/m/07v9_z,Measuring cup,/m/0cmx8,Spoon,0.48998886346817017
/m/03hlz0c,Kitchen utensil,/m/07v9_z,Measuring cup,/m/0dt3t,Fork,0.43223536014556885
/m/03hlz0c,Kitchen utensil,/m/08ks85,Pizza cutter,/m/0cmx8,Spoon,0.44080230593681335
/m/03hlz0c,Kitchen utensil,/m/08ks85,Pizza cutter,/m/0dt3t,Fork,0.40605801343917847
/m/03hlz0c,Kitchen utensil,/m/0cmx8,Spoon,/m/0dt3t,Fork,0.536687970161438
/m/083kb,Weapon,/m/01g3x7,Bow and arrow,/m/020kz,Cannon,0.4690546989440918
/m/083kb,Weapon,/m/01g3x7,Bow and arrow,/m/02gzp,Dagger,0.5539462566375732
/m/083kb,Weapon,/m/01g3x7,Bow and arrow,/m/04ctx,Knife,0.5824260711669922
/m/083kb,Weapon,/m/01g3x7,Bow and arrow,/m/06c54,Rifle,0.5755538940429688
/m/083kb,Weapon,/m/01g3x7,Bow and arrow,/m/06nrc,Shotgun,0.4937369227409363
/m/083kb,Weapon,/m/01g3x7,Bow and arrow,/m/07cmd,Tank,0.4905034005641937
/m/083kb,Weapon,/m/01g3x7,Bow and arrow,/m/0c2jj,Axe,0.4663068354129791
/m/083kb,Weapon,/m/01g3x7,Bow and arrow,/m/0gxl3,Handgun,0.5596375465393066
/m/083kb,Weapon,/m/01g3x7,Bow and arrow,/m/06y5r,Sword,0.5909028053283691
/m/083kb,Weapon,/m/01g3x7,Bow and arrow,/m/04ylt,Missile,0.431152880191803
/m/083kb,Weapon,/m/01g3x7,Bow and arrow,/m/0ct4f,Bomb,0.45887327194213867
/m/083kb,Weapon,/m/020kz,Cannon,/m/02gzp,Dagger,0.5087904930114746
/m/083kb,Weapon,/m/020kz,Cannon,/m/04ctx,Knife,0.5442944169044495
/m/083kb,Weapon,/m/020kz,Cannon,/m/06c54,Rifle,0.5508286356925964
/m/083kb,Weapon,/m/020kz,Cannon,/m/06nrc,Shotgun,0.5467870831489563
/m/083kb,Weapon,/m/020kz,Cannon,/m/07cmd,Tank,0.5287590622901917
/m/083kb,Weapon,/m/020kz,Cannon,/m/0c2jj,Axe,0.4649747312068939
/m/083kb,Weapon,/m/020kz,Cannon,/m/0gxl3,Handgun,0.5725077390670776
/m/083kb,Weapon,/m/020kz,Cannon,/m/06y5r,Sword,0.47438931465148926
/m/083kb,Weapon,/m/020kz,Cannon,/m/04ylt,Missile,0.5365415811538696
/m/083kb,Weapon,/m/020kz,Cannon,/m/0ct4f,Bomb,0.5295127034187317
/m/083kb,Weapon,/m/02gzp,Dagger,/m/04ctx,Knife,0.6082232594490051
/m/083kb,Weapon,/m/02gzp,Dagger,/m/06c54,Rifle,0.5827805995941162
/m/083kb,Weapon,/m/02gzp,Dagger,/m/06nrc,Shotgun,0.6311997175216675
/m/083kb,Weapon,/m/02gzp,Dagger,/m/07cmd,Tank,0.5096716284751892
/m/083kb,Weapon,/m/02gzp,Dagger,/m/0c2jj,Axe,0.512691855430603
/m/083kb,Weapon,/m/02gzp,Dagger,/m/0gxl3,Handgun,0.667231559753418
/m/083kb,Weapon,/m/02gzp,Dagger,/m/06y5r,Sword,0.6193492412567139
/m/083kb,Weapon,/m/02gzp,Dagger,/m/04ylt,Missile,0.5382809638977051
/m/083kb,Weapon,/m/02gzp,Dagger,/m/0ct4f,Bomb,0.44016557931900024
/m/083kb,Weapon,/m/04ctx,Knife,/m/06c54,Rifle,0.7112797498703003
/m/083kb,Weapon,/m/04ctx,Knife,/m/06nrc,Shotgun,0.6027178764343262
/m/083kb,Weapon,/m/04ctx,Knife,/m/07cmd,Tank,0.5089032649993896
/m/083kb,Weapon,/m/04ctx,Knife,/m/0c2jj,Axe,0.5932436585426331
/m/083kb,Weapon,/m/04ctx,Knife,/m/0gxl3,Handgun,0.6224523782730103
/m/083kb,Weapon,/m/04ctx,Knife,/m/06y5r,Sword,0.687872052192688
/m/083kb,Weapon,/m/04ctx,Knife,/m/04ylt,Missile,0.5838335156440735
/m/083kb,Weapon,/m/04ctx,Knife,/m/0ct4f,Bomb,0.45850056409835815
/m/083kb,Weapon,/m/06c54,Rifle,/m/06nrc,Shotgun,0.7521101236343384
/m/083kb,Weapon,/m/06c54,Rifle,/m/07cmd,Tank,0.5913008451461792
/m/083kb,Weapon,/m/06c54,Rifle,/m/0c2jj,Axe,0.6086536645889282
/m/083kb,Weapon,/m/06c54,Rifle,/m/0gxl3,Handgun,0.727707028388977
/m/083kb,Weapon,/m/06c54,Rifle,/m/06y5r,Sword,0.6652723550796509
/m/083kb,Weapon,/m/06c54,Rifle,/m/04ylt,Missile,0.7568845152854919
/m/083kb,Weapon,/m/06c54,Rifle,/m/0ct4f,Bomb,0.5418683290481567
/m/083kb,Weapon,/m/06nrc,Shotgun,/m/07cmd,Tank,0.57148277759552
/m/083kb,Weapon,/m/06nrc,Shotgun,/m/0c2jj,Axe,0.5393476486206055
/m/083kb,Weapon,/m/06nrc,Shotgun,/m/0gxl3,Handgun,0.8213270902633667
/m/083kb,Weapon,/m/06nrc,Shotgun,/m/06y5r,Sword,0.6394281983375549
/m/083kb,Weapon,/m/06nrc,Shotgun,/m/04ylt,Missile,0.67472904920578
/m/083kb,Weapon,/m/06nrc,Shotgun,/m/0ct4f,Bomb,0.5480579137802124
/m/083kb,Weapon,/m/07cmd,Tank,/m/0c2jj,Axe,0.4856560528278351
/m/083kb,Weapon,/m/07cmd,Tank,/m/0gxl3,Handgun,0.5897826552391052
/m/083kb,Weapon,/m/07cmd,Tank,/m/06y5r,Sword,0.5263361930847168
/m/083kb,Weapon,/m/07cmd,Tank,/m/04ylt,Missile,0.5834638476371765
/m/083kb,Weapon,/m/07cmd,Tank,/m/0ct4f,Bomb,0.581813395023346
/m/083kb,Weapon,/m/0c2jj,Axe,/m/0gxl3,Handgun,0.5338490009307861
/m/083kb,Weapon,/m/0c2jj,Axe,/m/06y5r,Sword,0.5583310723304749
/m/083kb,Weapon,/m/0c2jj,Axe,/m/04ylt,Missile,0.5746724605560303
/m/083kb,Weapon,/m/0c2jj,Axe,/m/0ct4f,Bomb,0.5159803628921509
/m/083kb,Weapon,/m/0gxl3,Handgun,/m/06y5r,Sword,0.6353210210800171
/m/083kb,Weapon,/m/0gxl3,Handgun,/m/04ylt,Missile,0.6226028203964233
/m/083kb,Weapon,/m/0gxl3,Handgun,/m/0ct4f,Bomb,0.49977409839630127
/m/083kb,Weapon,/m/06y5r,Sword,/m/04ylt,Missile,0.5903933048248291
/m/083kb,Weapon,/m/06y5r,Sword,/m/0ct4f,Bomb,0.49678152799606323
/m/083kb,Weapon,/m/04ylt,Missile,/m/0ct4f,Bomb,0.6348702907562256
/m/07cx4,Telephone,/m/050k8,Mobile phone,/m/0h8lkj8,Corded phone,0.7667375802993774
/m/02p0tk3,Human body,/m/014sv8,Human eye,/m/016m2d,Skull,0.5409649610519409
/m/02p0tk3,Human body,/m/014sv8,Human eye,/m/04hgtk,Human head,0.8124302625656128
/m/02p0tk3,Human body,/m/014sv8,Human eye,/m/0dzct,Human face,0.8611117601394653
/m/02p0tk3,Human body,/m/014sv8,Human eye,/m/0283dt1,Human mouth,0.7870151400566101
/m/02p0tk3,Human body,/m/014sv8,Human eye,/m/039xj_,Human ear,0.7957192063331604
/m/02p0tk3,Human body,/m/014sv8,Human eye,/m/0k0pj,Human nose,0.7811868786811829
/m/02p0tk3,Human body,/m/014sv8,Human eye,/m/03q69,Human hair,0.7618584036827087
/m/02p0tk3,Human body,/m/014sv8,Human eye,/m/0k65p,Human hand,0.7937972545623779
/m/02p0tk3,Human body,/m/014sv8,Human eye,/m/031n1,Human foot,0.7789903283119202
/m/02p0tk3,Human body,/m/014sv8,Human eye,/m/0dzf4,Human arm,0.7387521266937256
/m/02p0tk3,Human body,/m/014sv8,Human eye,/m/035r7c,Human leg,0.7645174264907837
/m/02p0tk3,Human body,/m/014sv8,Human eye,/m/015h_t,Beard,0.5428915023803711
/m/02p0tk3,Human body,/m/016m2d,Skull,/m/04hgtk,Human head,0.5749512910842896
/m/02p0tk3,Human body,/m/016m2d,Skull,/m/0dzct,Human face,0.5607813000679016
/m/02p0tk3,Human body,/m/016m2d,Skull,/m/0283dt1,Human mouth,0.5387115478515625
/m/02p0tk3,Human body,/m/016m2d,Skull,/m/039xj_,Human ear,0.501978874206543
/m/02p0tk3,Human body,/m/016m2d,Skull,/m/0k0pj,Human nose,0.5022667646408081
/m/02p0tk3,Human body,/m/016m2d,Skull,/m/03q69,Human hair,0.5606858730316162
/m/02p0tk3,Human body,/m/016m2d,Skull,/m/0k65p,Human hand,0.5467846393585205
/m/02p0tk3,Human body,/m/016m2d,Skull,/m/031n1,Human foot,0.5060832500457764
/m/02p0tk3,Human body,/m/016m2d,Skull,/m/0dzf4,Human arm,0.5131504535675049
/m/02p0tk3,Human body,/m/016m2d,Skull,/m/035r7c,Human leg,0.5084773302078247
/m/02p0tk3,Human body,/m/016m2d,Skull,/m/015h_t,Beard,0.5608176589012146
/m/02p0tk3,Human body,/m/04hgtk,Human head,/m/0dzct,Human face,0.8528878688812256
/m/02p0tk3,Human body,/m/04hgtk,Human head,/m/0283dt1,Human mouth,0.7574466466903687
/m/02p0tk3,Human body,/m/04hgtk,Human head,/m/039xj_,Human ear,0.7782652378082275
/m/02p0tk3,Human body,/m/04hgtk,Human head,/m/0k0pj,Human nose,0.7533313035964966
/m/02p0tk3,Human body,/m/04hgtk,Human head,/m/03q69,Human hair,0.811574399471283
/m/02p0tk3,Human body,/m/04hgtk,Human head,/m/0k65p,Human hand,0.8002158403396606
/m/02p0tk3,Human body,/m/04hgtk,Human head,/m/031n1,Human foot,0.7503945231437683
/m/02p0tk3,Human body,/m/04hgtk,Human head,/m/0dzf4,Human arm,0.7285709977149963
/m/02p0tk3,Human body,/m/04hgtk,Human head,/m/035r7c,Human leg,0.7642632722854614
/m/02p0tk3,Human body,/m/04hgtk,Human head,/m/015h_t,Beard,0.5750671625137329
/m/02p0tk3,Human body,/m/0dzct,Human face,/m/0283dt1,Human mouth,0.7796488404273987
/m/02p0tk3,Human body,/m/0dzct,Human face,/m/039xj_,Human ear,0.7356072664260864
/m/02p0tk3,Human body,/m/0dzct,Human face,/m/0k0pj,Human nose,0.7666444182395935
/m/02p0tk3,Human body,/m/0dzct,Human face,/m/03q69,Human hair,0.7897839546203613
/m/02p0tk3,Human body,/m/0dzct,Human face,/m/0k65p,Human hand,0.8269267082214355
/m/02p0tk3,Human body,/m/0dzct,Human face,/m/031n1,Human foot,0.7702865600585938
/m/02p0tk3,Human body,/m/0dzct,Human face,/m/0dzf4,Human arm,0.7309244275093079
/m/02p0tk3,Human body,/m/0dzct,Human face,/m/035r7c,Human leg,0.7534704208374023
/m/02p0tk3,Human body,/m/0dzct,Human face,/m/015h_t,Beard,0.5470024347305298
/m/02p0tk3,Human body,/m/0283dt1,Human mouth,/m/039xj_,Human ear,0.7874248027801514
/m/02p0tk3,Human body,/m/0283dt1,Human mouth,/m/0k0pj,Human nose,0.8081644773483276
/m/02p0tk3,Human body,/m/0283dt1,Human mouth,/m/03q69,Human hair,0.7121051549911499
/m/02p0tk3,Human body,/m/0283dt1,Human mouth,/m/0k65p,Human hand,0.7721960544586182
/m/02p0tk3,Human body,/m/0283dt1,Human mouth,/m/031n1,Human foot,0.7092704772949219
/m/02p0tk3,Human body,/m/0283dt1,Human mouth,/m/0dzf4,Human arm,0.7119532227516174
/m/02p0tk3,Human body,/m/0283dt1,Human mouth,/m/035r7c,Human leg,0.6936787366867065
/m/02p0tk3,Human body,/m/0283dt1,Human mouth,/m/015h_t,Beard,0.5230242013931274
/m/02p0tk3,Human body,/m/039xj_,Human ear,/m/0k0pj,Human nose,0.7890058755874634
/m/02p0tk3,Human body,/m/039xj_,Human ear,/m/03q69,Human hair,0.7360121011734009
/m/02p0tk3,Human body,/m/039xj_,Human ear,/m/0k65p,Human hand,0.7466323375701904
/m/02p0tk3,Human body,/m/039xj_,Human ear,/m/031n1,Human foot,0.7107319831848145
/m/02p0tk3,Human body,/m/039xj_,Human ear,/m/0dzf4,Human arm,0.7171028852462769
/m/02p0tk3,Human body,/m/039xj_,Human ear,/m/035r7c,Human leg,0.7118664979934692
/m/02p0tk3,Human body,/m/039xj_,Human ear,/m/015h_t,Beard,0.5345308780670166
/m/02p0tk3,Human body,/m/0k0pj,Human nose,/m/03q69,Human hair,0.7300219535827637
/m/02p0tk3,Human body,/m/0k0pj,Human nose,/m/0k65p,Human hand,0.7111104726791382
/m/02p0tk3,Human body,/m/0k0pj,Human nose,/m/031n1,Human foot,0.6853959560394287
/m/02p0tk3,Human body,/m/0k0pj,Human nose,/m/0dzf4,Human arm,0.6676014065742493
/m/02p0tk3,Human body,/m/0k0pj,Human nose,/m/035r7c,Human leg,0.6975125074386597
/m/02p0tk3,Human body,/m/0k0pj,Human nose,/m/015h_t,Beard,0.5272274017333984
/m/02p0tk3,Human body,/m/03q69,Human hair,/m/0k65p,Human hand,0.7516940236091614
/m/02p0tk3,Human body,/m/03q69,Human hair,/m/031n1,Human foot,0.7248585224151611
/m/02p0tk3,Human body,/m/03q69,Human hair,/m/0dzf4,Human arm,0.7016017436981201
/m/02p0tk3,Human body,/m/03q69,Human hair,/m/035r7c,Human leg,0.7221485376358032
/m/02p0tk3,Human body,/m/03q69,Human hair,/m/015h_t,Beard,0.649014949798584
/m/02p0tk3,Human body,/m/0k65p,Human hand,/m/031n1,Human foot,0.8210285902023315
/m/02p0tk3,Human body,/m/0k65p,Human hand,/m/0dzf4,Human arm,0.8564349412918091
/m/02p0tk3,Human body,/m/0k65p,Human hand,/m/035r7c,Human leg,0.7954400777816772
/m/02p0tk3,Human body,/m/0k65p,Human hand,/m/015h_t,Beard,0.5150928497314453
/m/02p0tk3,Human body,/m/031n1,Human foot,/m/0dzf4,Human arm,0.7202935218811035
/m/02p0tk3,Human body,/m/031n1,Human foot,/m/035r7c,Human leg,0.8986093997955322
/m/02p0tk3,Human body,/m/031n1,Human foot,/m/015h_t,Beard,0.4917088747024536
/m/02p0tk3,Human body,/m/0dzf4,Human arm,/m/035r7c,Human leg,0.7704825401306152
/m/02p0tk3,Human body,/m/0dzf4,Human arm,/m/015h_t,Beard,0.49147462844848633
/m/02p0tk3,Human body,/m/035r7c,Human leg,/m/015h_t,Beard,0.5156337022781372
/m/01_bhs,Fast food,/m/01b9xk,Hot dog,/m/02y6n,French fries,0.5414127707481384
/m/01ww8y,Snack,/m/01f91_,Pretzel,/m/01hrv5,Popcorn,0.5392280220985413
/m/01ww8y,Snack,/m/01f91_,Pretzel,/m/021mn,Cookie,0.4767988324165344
/m/01ww8y,Snack,/m/01hrv5,Popcorn,/m/021mn,Cookie,0.6002122163772583
/m/0270h,Dessert,/m/01tcjp,Muffin,/m/021mn,Cookie,0.5577059984207153
/m/0270h,Dessert,/m/01tcjp,Muffin,/m/0cxn2,Ice cream,0.4296361804008484
/m/0270h,Dessert,/m/01tcjp,Muffin,/m/0fszt,Cake,0.5450077056884766
/m/0270h,Dessert,/m/01tcjp,Muffin,/m/0gm28,Candy,0.46820926666259766
/m/0270h,Dessert,/m/021mn,Cookie,/m/0cxn2,Ice cream,0.5661839246749878
/m/0270h,Dessert,/m/021mn,Cookie,/m/0fszt,Cake,0.7290719747543335
/m/0270h,Dessert,/m/021mn,Cookie,/m/0gm28,Candy,0.61341392993927
/m/0270h,Dessert,/m/0cxn2,Ice cream,/m/0fszt,Cake,0.5592467784881592
/m/0270h,Dessert,/m/0cxn2,Ice cream,/m/0gm28,Candy,0.518993616104126
/m/0270h,Dessert,/m/0fszt,Cake,/m/0gm28,Candy,0.6051016449928284
/m/02xwb,Fruit,/m/014j1m,Apple,/m/0388q,Grape,0.514733076095581
/m/02xwb,Fruit,/m/014j1m,Apple,/m/043nyj,Common fig,0.4336591064929962
/m/02xwb,Fruit,/m/014j1m,Apple,/m/061_f,Pear,0.5175811052322388
/m/02xwb,Fruit,/m/014j1m,Apple,/m/07fbm7,Strawberry,0.4814516603946686
/m/02xwb,Fruit,/m/014j1m,Apple,/m/07j87,Tomato,0.5408686399459839
/m/02xwb,Fruit,/m/014j1m,Apple,/m/09k_b,Lemon (plant),0.4526234567165375
/m/02xwb,Fruit,/m/014j1m,Apple,/m/09qck,Banana,0.5729882717132568
/m/02xwb,Fruit,/m/014j1m,Apple,/m/0cyhj_,Orange (fruit),0.5093812942504883
/m/02xwb,Fruit,/m/014j1m,Apple,/m/0dj6p,Peach,0.5029715895652771
/m/02xwb,Fruit,/m/014j1m,Apple,/m/0fldg,Mango,0.5614204406738281
/m/02xwb,Fruit,/m/014j1m,Apple,/m/0fp6w,Pineapple,0.6748524308204651
/m/02xwb,Fruit,/m/014j1m,Apple,/m/0hqkz,Grapefruit,0.5369945764541626
/m/02xwb,Fruit,/m/014j1m,Apple,/m/0jwn_,Pomegranate,0.5502440333366394
/m/02xwb,Fruit,/m/014j1m,Apple,/m/0kpqd,Watermelon,0.5437192916870117
/m/02xwb,Fruit,/m/014j1m,Apple,/m/0kpt_,Cantaloupe,0.34681493043899536
/m/02xwb,Fruit,/m/0388q,Grape,/m/043nyj,Common fig,0.43508729338645935
/m/02xwb,Fruit,/m/0388q,Grape,/m/061_f,Pear,0.6564241647720337
/m/02xwb,Fruit,/m/0388q,Grape,/m/07fbm7,Strawberry,0.5375280380249023
/m/02xwb,Fruit,/m/0388q,Grape,/m/07j87,Tomato,0.5662299990653992
/m/02xwb,Fruit,/m/0388q,Grape,/m/09k_b,Lemon (plant),0.4672141671180725
/m/02xwb,Fruit,/m/0388q,Grape,/m/09qck,Banana,0.523590087890625
/m/02xwb,Fruit,/m/0388q,Grape,/m/0cyhj_,Orange (fruit),0.468010812997818
/m/02xwb,Fruit,/m/0388q,Grape,/m/0dj6p,Peach,0.6241708993911743
/m/02xwb,Fruit,/m/0388q,Grape,/m/0fldg,Mango,0.4866945743560791
/m/02xwb,Fruit,/m/0388q,Grape,/m/0fp6w,Pineapple,0.6439951658248901
/m/02xwb,Fruit,/m/0388q,Grape,/m/0hqkz,Grapefruit,0.8059567213058472
/m/02xwb,Fruit,/m/0388q,Grape,/m/0jwn_,Pomegranate,0.612131655216217
/m/02xwb,Fruit,/m/0388q,Grape,/m/0kpqd,Watermelon,0.5249896049499512
/m/02xwb,Fruit,/m/0388q,Grape,/m/0kpt_,Cantaloupe,0.3800860643386841
/m/02xwb,Fruit,/m/043nyj,Common fig,/m/061_f,Pear,0.4107840061187744
/m/02xwb,Fruit,/m/043nyj,Common fig,/m/07fbm7,Strawberry,0.3600223660469055
/m/02xwb,Fruit,/m/043nyj,Common fig,/m/07j87,Tomato,0.42475003004074097
/m/02xwb,Fruit,/m/043nyj,Common fig,/m/09k_b,Lemon (plant),0.4949507713317871
/m/02xwb,Fruit,/m/043nyj,Common fig,/m/09qck,Banana,0.40228357911109924
/m/02xwb,Fruit,/m/043nyj,Common fig,/m/0cyhj_,Orange (fruit),0.46011513471603394
/m/02xwb,Fruit,/m/043nyj,Common fig,/m/0dj6p,Peach,0.41738462448120117
/m/02xwb,Fruit,/m/043nyj,Common fig,/m/0fldg,Mango,0.4443727731704712
/m/02xwb,Fruit,/m/043nyj,Common fig,/m/0fp6w,Pineapple,0.40356534719467163
/m/02xwb,Fruit,/m/043nyj,Common fig,/m/0hqkz,Grapefruit,0.4472738206386566
/m/02xwb,Fruit,/m/043nyj,Common fig,/m/0jwn_,Pomegranate,0.35180211067199707
/m/02xwb,Fruit,/m/043nyj,Common fig,/m/0kpqd,Watermelon,0.36871492862701416
/m/02xwb,Fruit,/m/043nyj,Common fig,/m/0kpt_,Cantaloupe,0.2755153775215149
/m/02xwb,Fruit,/m/061_f,Pear,/m/07fbm7,Strawberry,0.5088611841201782
/m/02xwb,Fruit,/m/061_f,Pear,/m/07j87,Tomato,0.4845389425754547
/m/02xwb,Fruit,/m/061_f,Pear,/m/09k_b,Lemon (plant),0.43517938256263733
/m/02xwb,Fruit,/m/061_f,Pear,/m/09qck,Banana,0.5111587047576904
/m/02xwb,Fruit,/m/061_f,Pear,/m/0cyhj_,Orange (fruit),0.45660334825515747
/m/02xwb,Fruit,/m/061_f,Pear,/m/0dj6p,Peach,0.7207410335540771
/m/02xwb,Fruit,/m/061_f,Pear,/m/0fldg,Mango,0.46876904368400574
/m/02xwb,Fruit,/m/061_f,Pear,/m/0fp6w,Pineapple,0.6179735660552979
/m/02xwb,Fruit,/m/061_f,Pear,/m/0hqkz,Grapefruit,0.620861291885376
/m/02xwb,Fruit,/m/061_f,Pear,/m/0jwn_,Pomegranate,0.5568544864654541
/m/02xwb,Fruit,/m/061_f,Pear,/m/0kpqd,Watermelon,0.5384222269058228
/m/02xwb,Fruit,/m/061_f,Pear,/m/0kpt_,Cantaloupe,0.3342367708683014
/m/02xwb,Fruit,/m/07fbm7,Strawberry,/m/07j87,Tomato,0.5207334160804749
/m/02xwb,Fruit,/m/07fbm7,Strawberry,/m/09k_b,Lemon (plant),0.43680164217948914
/m/02xwb,Fruit,/m/07fbm7,Strawberry,/m/09qck,Banana,0.5375227928161621
/m/02xwb,Fruit,/m/07fbm7,Strawberry,/m/0cyhj_,Orange (fruit),0.5167872905731201
/m/02xwb,Fruit,/m/07fbm7,Strawberry,/m/0dj6p,Peach,0.4980282187461853
/m/02xwb,Fruit,/m/07fbm7,Strawberry,/m/0fldg,Mango,0.5160732865333557
/m/02xwb,Fruit,/m/07fbm7,Strawberry,/m/0fp6w,Pineapple,0.516065776348114
/m/02xwb,Fruit,/m/07fbm7,Strawberry,/m/0hqkz,Grapefruit,0.6302927136421204
/m/02xwb,Fruit,/m/07fbm7,Strawberry,/m/0jwn_,Pomegranate,0.5245805978775024
/m/02xwb,Fruit,/m/07fbm7,Strawberry,/m/0kpqd,Watermelon,0.49754613637924194
/m/02xwb,Fruit,/m/07fbm7,Strawberry,/m/0kpt_,Cantaloupe,0.32410016655921936
/m/02xwb,Fruit,/m/07j87,Tomato,/m/09k_b,Lemon (plant),0.5426987409591675
/m/02xwb,Fruit,/m/07j87,Tomato,/m/09qck,Banana,0.5726385116577148
/m/02xwb,Fruit,/m/07j87,Tomato,/m/0cyhj_,Orange (fruit),0.5053961277008057
/m/02xwb,Fruit,/m/07j87,Tomato,/m/0dj6p,Peach,0.5211676955223083
/m/02xwb,Fruit,/m/07j87,Tomato,/m/0fldg,Mango,0.5970070958137512
/m/02xwb,Fruit,/m/07j87,Tomato,/m/0fp6w,Pineapple,0.558838427066803
/m/02xwb,Fruit,/m/07j87,Tomato,/m/0hqkz,Grapefruit,0.5967568159103394
/m/02xwb,Fruit,/m/07j87,Tomato,/m/0jwn_,Pomegranate,0.6049030423164368
/m/02xwb,Fruit,/m/07j87,Tomato,/m/0kpqd,Watermelon,0.5739927291870117
/m/02xwb,Fruit,/m/07j87,Tomato,/m/0kpt_,Cantaloupe,0.3480200171470642
/m/02xwb,Fruit,/m/09k_b,Lemon (plant),/m/09qck,Banana,0.4129616618156433
/m/02xwb,Fruit,/m/09k_b,Lemon (plant),/m/0cyhj_,Orange (fruit),0.69283127784729
/m/02xwb,Fruit,/m/09k_b,Lemon (plant),/m/0dj6p,Peach,0.4121779501438141
/m/02xwb,Fruit,/m/09k_b,Lemon (plant),/m/0fldg,Mango,0.5036725401878357
/m/02xwb,Fruit,/m/09k_b,Lemon (plant),/m/0fp6w,Pineapple,0.49260959029197693
/m/02xwb,Fruit,/m/09k_b,Lemon (plant),/m/0hqkz,Grapefruit,0.503423273563385
/m/02xwb,Fruit,/m/09k_b,Lemon (plant),/m/0jwn_,Pomegranate,0.5136348009109497
/m/02xwb,Fruit,/m/09k_b,Lemon (plant),/m/0kpqd,Watermelon,0.5302443504333496
/m/02xwb,Fruit,/m/09k_b,Lemon (plant),/m/0kpt_,Cantaloupe,0.35881179571151733
/m/02xwb,Fruit,/m/09qck,Banana,/m/0cyhj_,Orange (fruit),0.46516746282577515
/m/02xwb,Fruit,/m/09qck,Banana,/m/0dj6p,Peach,0.5604830980300903
/m/02xwb,Fruit,/m/09qck,Banana,/m/0fldg,Mango,0.5878314971923828
/m/02xwb,Fruit,/m/09qck,Banana,/m/0fp6w,Pineapple,0.5968749523162842
/m/02xwb,Fruit,/m/09qck,Banana,/m/0hqkz,Grapefruit,0.5909177660942078
/m/02xwb,Fruit,/m/09qck,Banana,/m/0jwn_,Pomegranate,0.5409750938415527
/m/02xwb,Fruit,/m/09qck,Banana,/m/0kpqd,Watermelon,0.5965961217880249
/m/02xwb,Fruit,/m/09qck,Banana,/m/0kpt_,Cantaloupe,0.38333988189697266
/m/02xwb,Fruit,/m/0cyhj_,Orange (fruit),/m/0dj6p,Peach,0.4367676377296448
/m/02xwb,Fruit,/m/0cyhj_,Orange (fruit),/m/0fldg,Mango,0.5357268452644348
/m/02xwb,Fruit,/m/0cyhj_,Orange (fruit),/m/0fp6w,Pineapple,0.537710964679718
/m/02xwb,Fruit,/m/0cyhj_,Orange (fruit),/m/0hqkz,Grapefruit,0.6050136685371399
/m/02xwb,Fruit,/m/0cyhj_,Orange (fruit),/m/0jwn_,Pomegranate,0.511538565158844
/m/02xwb,Fruit,/m/0cyhj_,Orange (fruit),/m/0kpqd,Watermelon,0.49326127767562866
/m/02xwb,Fruit,/m/0cyhj_,Orange (fruit),/m/0kpt_,Cantaloupe,0.3652275502681732
/m/02xwb,Fruit,/m/0dj6p,Peach,/m/0fldg,Mango,0.4786532521247864
/m/02xwb,Fruit,/m/0dj6p,Peach,/m/0fp6w,Pineapple,0.6375283002853394
/m/02xwb,Fruit,/m/0dj6p,Peach,/m/0hqkz,Grapefruit,0.6481793522834778
/m/02xwb,Fruit,/m/0dj6p,Peach,/m/0jwn_,Pomegranate,0.5735667943954468
/m/02xwb,Fruit,/m/0dj6p,Peach,/m/0kpqd,Watermelon,0.5356501340866089
/m/02xwb,Fruit,/m/0dj6p,Peach,/m/0kpt_,Cantaloupe,0.3155191242694855
/m/02xwb,Fruit,/m/0fldg,Mango,/m/0fp6w,Pineapple,0.5423277020454407
/m/02xwb,Fruit,/m/0fldg,Mango,/m/0hqkz,Grapefruit,0.5257421135902405
/m/02xwb,Fruit,/m/0fldg,Mango,/m/0jwn_,Pomegranate,0.535731315612793
/m/02xwb,Fruit,/m/0fldg,Mango,/m/0kpqd,Watermelon,0.568850040435791
/m/02xwb,Fruit,/m/0fldg,Mango,/m/0kpt_,Cantaloupe,0.36110782623291016
/m/02xwb,Fruit,/m/0fp6w,Pineapple,/m/0hqkz,Grapefruit,0.6965740919113159
/m/02xwb,Fruit,/m/0fp6w,Pineapple,/m/0jwn_,Pomegranate,0.625302791595459
/m/02xwb,Fruit,/m/0fp6w,Pineapple,/m/0kpqd,Watermelon,0.6328691840171814
/m/02xwb,Fruit,/m/0fp6w,Pineapple,/m/0kpt_,Cantaloupe,0.4223077595233917
/m/02xwb,Fruit,/m/0hqkz,Grapefruit,/m/0jwn_,Pomegranate,0.6647300124168396
/m/02xwb,Fruit,/m/0hqkz,Grapefruit,/m/0kpqd,Watermelon,0.6100224852561951
/m/02xwb,Fruit,/m/0hqkz,Grapefruit,/m/0kpt_,Cantaloupe,0.3613218665122986
/m/02xwb,Fruit,/m/0jwn_,Pomegranate,/m/0kpqd,Watermelon,0.7075995206832886
/m/02xwb,Fruit,/m/0jwn_,Pomegranate,/m/0kpt_,Cantaloupe,0.3667107820510864
/m/02xwb,Fruit,/m/0kpqd,Watermelon,/m/0kpt_,Cantaloupe,0.4118274450302124
/m/0hnyx,Pastry,/m/0jy4k,Doughnut,/m/015wgc,Croissant,0.5237761735916138
/m/0hnyx,Pastry,/m/0jy4k,Doughnut,/m/02zvsm,Tart,0.5587584376335144
/m/0hnyx,Pastry,/m/015wgc,Croissant,/m/02zvsm,Tart,0.5114806294441223
/m/0fbdv,Shellfish,/m/0_cp5,Oyster,/m/0cjq5,Lobster,0.7183272838592529
/m/0fbdv,Shellfish,/m/0_cp5,Oyster,/m/0ll1f78,Shrimp,0.5882644057273865
/m/0fbdv,Shellfish,/m/0_cp5,Oyster,/m/0n28_,Crab,0.526160478591919
/m/0fbdv,Shellfish,/m/0cjq5,Lobster,/m/0ll1f78,Shrimp,0.6274341344833374
/m/0fbdv,Shellfish,/m/0cjq5,Lobster,/m/0n28_,Crab,0.6175125241279602
/m/0fbdv,Shellfish,/m/0ll1f78,Shrimp,/m/0n28_,Crab,0.6688999533653259
/m/0dv77,Squash (Plant),/m/05zsy,Pumpkin,/m/027pcv,Zucchini,0.5446639060974121
/m/0l515,Sandwich,/m/0cdn1,Hamburger,/m/06pcq,Submarine sandwich,0.5286744236946106
/m/0284d,Dairy Product,/m/01nkt,Cheese,/m/04zpv,Milk,0.580951452255249
/m/07j7r,Tree,/m/025nd,Christmas tree,/m/0cdl1,Palm tree,0.7696536183357239
/m/07j7r,Tree,/m/025nd,Christmas tree,/m/0cffdh,Maple,0.5028795003890991
/m/07j7r,Tree,/m/025nd,Christmas tree,/m/0mw_6,Willow,0.4124913513660431
/m/07j7r,Tree,/m/0cdl1,Palm tree,/m/0cffdh,Maple,0.5361249446868896
/m/07j7r,Tree,/m/0cdl1,Palm tree,/m/0mw_6,Willow,0.44276171922683716
/m/07j7r,Tree,/m/0cffdh,Maple,/m/0mw_6,Willow,0.38520410656929016
/m/0c9ph5,Flower,/m/04gth,Lavender (Plant),/m/06m11,Rose,0.4257466495037079
/m/0c9ph5,Flower,/m/04gth,Lavender (Plant),/m/0ftb8,Common sunflower,0.48279279470443726
/m/0c9ph5,Flower,/m/04gth,Lavender (Plant),/m/0jqgx,Lily,0.475957453250885
/m/0c9ph5,Flower,/m/06m11,Rose,/m/0ftb8,Common sunflower,0.39239975810050964
/m/0c9ph5,Flower,/m/06m11,Rose,/m/0jqgx,Lily,0.5725536346435547
/m/0c9ph5,Flower,/m/0ftb8,Common sunflower,/m/0jqgx,Lily,0.4259568750858307
/m/0k4j,Car,/m/01lcw4,Limousine,/m/0h2r6,Van,0.5521332621574402
/m/08dz3q,Auto part,/m/01jfm_,Vehicle registration plate,/m/083wq,Wheel,0.5168262124061584
/m/08dz3q,Auto part,/m/01jfm_,Vehicle registration plate,/m/0dkzw,Seat belt,0.5874675512313843
/m/08dz3q,Auto part,/m/01jfm_,Vehicle registration plate,/m/0h9mv,Tire,0.46778416633605957
/m/08dz3q,Auto part,/m/083wq,Wheel,/m/0dkzw,Seat belt,0.6035001873970032
/m/08dz3q,Auto part,/m/083wq,Wheel,/m/0h9mv,Tire,0.6248040199279785
/m/08dz3q,Auto part,/m/0dkzw,Seat belt,/m/0h9mv,Tire,0.582380473613739
/m/019jd,Boat,/m/01btn,Barge,/m/02068x,Gondola,0.42986518144607544
/m/019jd,Boat,/m/01btn,Barge,/m/0ph39,Canoe,0.4924938976764679
/m/019jd,Boat,/m/02068x,Gondola,/m/0ph39,Canoe,0.5486317873001099
/m/0k5j,Aircraft,/m/09ct_,Helicopter,/m/0cmf2,Fixed-wing aircraft,0.5856595635414124
/m/0k5j,Aircraft,/m/09ct_,Helicopter,/m/09rvcxw,Rocket,0.585413932800293
/m/0k5j,Aircraft,/m/0cmf2,Fixed-wing aircraft,/m/09rvcxw,Rocket,0.44632989168167114
/m/02dl1y,Hat,/m/025rp__,Cowboy hat,/m/02fq_6,Fedora,0.34209510684013367
/m/02dl1y,Hat,/m/025rp__,Cowboy hat,/m/02jfl0,Sombrero,0.5138277411460876
/m/02dl1y,Hat,/m/025rp__,Cowboy hat,/m/02wbtzl,Sun hat,0.7101772427558899
/m/02dl1y,Hat,/m/02fq_6,Fedora,/m/02jfl0,Sombrero,0.44270139932632446
/m/02dl1y,Hat,/m/02fq_6,Fedora,/m/02wbtzl,Sun hat,0.37212955951690674
/m/02dl1y,Hat,/m/02jfl0,Sombrero,/m/02wbtzl,Sun hat,0.5891762375831604
/m/02dl1y,Hat,/m/025rp__,Cowboy hat,/m/02fq_6,Fedora,0.34209510684013367
/m/02dl1y,Hat,/m/025rp__,Cowboy hat,/m/02jfl0,Sombrero,0.5138277411460876
/m/02dl1y,Hat,/m/025rp__,Cowboy hat,/m/02wbtzl,Sun hat,0.7101772427558899
/m/02dl1y,Hat,/m/02fq_6,Fedora,/m/02jfl0,Sombrero,0.44270139932632446
/m/02dl1y,Hat,/m/02fq_6,Fedora,/m/02wbtzl,Sun hat,0.37212955951690674
/m/02dl1y,Hat,/m/02jfl0,Sombrero,/m/02wbtzl,Sun hat,0.5891762375831604
/m/09j5n,Footwear,/m/02p3w7d,Roller skates,/m/01b638,Boot,0.4518880844116211
/m/09j5n,Footwear,/m/02p3w7d,Roller skates,/m/06k2mb,High heels,0.6068621277809143
/m/09j5n,Footwear,/m/02p3w7d,Roller skates,/m/03nfch,Sandal,0.42247921228408813
/m/09j5n,Footwear,/m/01b638,Boot,/m/06k2mb,High heels,0.4979008138179779
/m/09j5n,Footwear,/m/01b638,Boot,/m/03nfch,Sandal,0.42438918352127075
/m/09j5n,Footwear,/m/06k2mb,High heels,/m/03nfch,Sandal,0.5907940864562988
/m/0hf58v5,Luggage and bags,/m/01940j,Backpack,/m/01s55n,Suitcase,0.6426011323928833
/m/0hf58v5,Luggage and bags,/m/01940j,Backpack,/m/0584n8,Briefcase,0.6071617007255554
/m/0hf58v5,Luggage and bags,/m/01940j,Backpack,/m/080hkjn,Handbag,0.6998385190963745
/m/0hf58v5,Luggage and bags,/m/01s55n,Suitcase,/m/0584n8,Briefcase,0.7250641584396362
/m/0hf58v5,Luggage and bags,/m/01s55n,Suitcase,/m/080hkjn,Handbag,0.5926762819290161
/m/0hf58v5,Luggage and bags,/m/0584n8,Briefcase,/m/080hkjn,Handbag,0.5465506315231323
/m/0zvk5,Helmet,/m/03p3bw,Bicycle helmet,/m/07qxg_,Football helmet,0.7517296075820923
/m/015p6,Bird,/m/012074,Magpie,/m/01dy8n,Woodpecker,0.4922603368759155
/m/015p6,Bird,/m/012074,Magpie,/m/01f8m5,Blue jay,0.38466858863830566
/m/015p6,Bird,/m/012074,Magpie,/m/05n4y,Ostrich,0.32368165254592896
/m/015p6,Bird,/m/012074,Magpie,/m/05z6w,Penguin,0.4387870132923126
/m/015p6,Bird,/m/012074,Magpie,/m/06j2d,Raven,0.4230443239212036
/m/015p6,Bird,/m/012074,Magpie,/m/09b5t,Chicken,0.4324699640274048
/m/015p6,Bird,/m/012074,Magpie,/m/09csl,Eagle,0.4745306968688965
/m/015p6,Bird,/m/012074,Magpie,/m/09d5_,Owl,0.46809467673301697
/m/015p6,Bird,/m/012074,Magpie,/m/09ddx,Duck,0.45780691504478455
/m/015p6,Bird,/m/012074,Magpie,/m/0ccs93,Canary,0.3741369843482971
/m/015p6,Bird,/m/012074,Magpie,/m/0dbvp,Goose,0.4593467712402344
/m/015p6,Bird,/m/012074,Magpie,/m/0dftk,Swan,0.3982841670513153
/m/015p6,Bird,/m/012074,Magpie,/m/0f6wt,Falcon,0.36969220638275146
/m/015p6,Bird,/m/012074,Magpie,/m/0gv1x,Parrot,0.4610951542854309
/m/015p6,Bird,/m/012074,Magpie,/m/0h23m,Sparrow,0.5083128213882446
/m/015p6,Bird,/m/012074,Magpie,/m/0jly1,Turkey,0.33997899293899536
/m/015p6,Bird,/m/01dy8n,Woodpecker,/m/01f8m5,Blue jay,0.37162327766418457
/m/015p6,Bird,/m/01dy8n,Woodpecker,/m/05n4y,Ostrich,0.31750816106796265
/m/015p6,Bird,/m/01dy8n,Woodpecker,/m/05z6w,Penguin,0.50551438331604
/m/015p6,Bird,/m/01dy8n,Woodpecker,/m/06j2d,Raven,0.4375225007534027
/m/015p6,Bird,/m/01dy8n,Woodpecker,/m/09b5t,Chicken,0.5082269906997681
/m/015p6,Bird,/m/01dy8n,Woodpecker,/m/09csl,Eagle,0.39468181133270264
/m/015p6,Bird,/m/01dy8n,Woodpecker,/m/09d5_,Owl,0.4415360689163208
/m/015p6,Bird,/m/01dy8n,Woodpecker,/m/09ddx,Duck,0.5087339878082275
/m/015p6,Bird,/m/01dy8n,Woodpecker,/m/0ccs93,Canary,0.44188982248306274
/m/015p6,Bird,/m/01dy8n,Woodpecker,/m/0dbvp,Goose,0.39577120542526245
/m/015p6,Bird,/m/01dy8n,Woodpecker,/m/0dftk,Swan,0.42850422859191895
/m/015p6,Bird,/m/01dy8n,Woodpecker,/m/0f6wt,Falcon,0.40603917837142944
/m/015p6,Bird,/m/01dy8n,Woodpecker,/m/0gv1x,Parrot,0.45155879855155945
/m/015p6,Bird,/m/01dy8n,Woodpecker,/m/0h23m,Sparrow,0.43674027919769287
/m/015p6,Bird,/m/01dy8n,Woodpecker,/m/0jly1,Turkey,0.37015190720558167
/m/015p6,Bird,/m/01f8m5,Blue jay,/m/05n4y,Ostrich,0.26931965351104736
/m/015p6,Bird,/m/01f8m5,Blue jay,/m/05z6w,Penguin,0.37520694732666016
/m/015p6,Bird,/m/01f8m5,Blue jay,/m/06j2d,Raven,0.40003690123558044
/m/015p6,Bird,/m/01f8m5,Blue jay,/m/09b5t,Chicken,0.4023163318634033
/m/015p6,Bird,/m/01f8m5,Blue jay,/m/09csl,Eagle,0.448320209980011
/m/015p6,Bird,/m/01f8m5,Blue jay,/m/09d5_,Owl,0.4137309789657593
/m/015p6,Bird,/m/01f8m5,Blue jay,/m/09ddx,Duck,0.44452324509620667
/m/015p6,Bird,/m/01f8m5,Blue jay,/m/0ccs93,Canary,0.34373894333839417
/m/015p6,Bird,/m/01f8m5,Blue jay,/m/0dbvp,Goose,0.3690471649169922
/m/015p6,Bird,/m/01f8m5,Blue jay,/m/0dftk,Swan,0.4039517045021057
/m/015p6,Bird,/m/01f8m5,Blue jay,/m/0f6wt,Falcon,0.39476335048675537
/m/015p6,Bird,/m/01f8m5,Blue jay,/m/0gv1x,Parrot,0.41912826895713806
/m/015p6,Bird,/m/01f8m5,Blue jay,/m/0h23m,Sparrow,0.36109229922294617
/m/015p6,Bird,/m/01f8m5,Blue jay,/m/0jly1,Turkey,0.3572724163532257
/m/015p6,Bird,/m/05n4y,Ostrich,/m/05z6w,Penguin,0.28735989332199097
/m/015p6,Bird,/m/05n4y,Ostrich,/m/06j2d,Raven,0.3199862539768219
/m/015p6,Bird,/m/05n4y,Ostrich,/m/09b5t,Chicken,0.3668983578681946
/m/015p6,Bird,/m/05n4y,Ostrich,/m/09csl,Eagle,0.29599320888519287
/m/015p6,Bird,/m/05n4y,Ostrich,/m/09d5_,Owl,0.4418547749519348
/m/015p6,Bird,/m/05n4y,Ostrich,/m/09ddx,Duck,0.3288700580596924
/m/015p6,Bird,/m/05n4y,Ostrich,/m/0ccs93,Canary,0.3914117217063904
/m/015p6,Bird,/m/05n4y,Ostrich,/m/0dbvp,Goose,0.3045233488082886
/m/015p6,Bird,/m/05n4y,Ostrich,/m/0dftk,Swan,0.2771468758583069
/m/015p6,Bird,/m/05n4y,Ostrich,/m/0f6wt,Falcon,0.2729156017303467
/m/015p6,Bird,/m/05n4y,Ostrich,/m/0gv1x,Parrot,0.3786065876483917
/m/015p6,Bird,/m/05n4y,Ostrich,/m/0h23m,Sparrow,0.33415234088897705
/m/015p6,Bird,/m/05n4y,Ostrich,/m/0jly1,Turkey,0.4140107035636902
/m/015p6,Bird,/m/05z6w,Penguin,/m/06j2d,Raven,0.5276349782943726
/m/015p6,Bird,/m/05z6w,Penguin,/m/09b5t,Chicken,0.538719892501831
/m/015p6,Bird,/m/05z6w,Penguin,/m/09csl,Eagle,0.45374155044555664
/m/015p6,Bird,/m/05z6w,Penguin,/m/09d5_,Owl,0.5097694396972656
/m/015p6,Bird,/m/05z6w,Penguin,/m/09ddx,Duck,0.507308840751648
/m/015p6,Bird,/m/05z6w,Penguin,/m/0ccs93,Canary,0.504043698310852
/m/015p6,Bird,/m/05z6w,Penguin,/m/0dbvp,Goose,0.43212103843688965
/m/015p6,Bird,/m/05z6w,Penguin,/m/0dftk,Swan,0.47204291820526123
/m/015p6,Bird,/m/05z6w,Penguin,/m/0f6wt,Falcon,0.4290774166584015
/m/015p6,Bird,/m/05z6w,Penguin,/m/0gv1x,Parrot,0.49821192026138306
/m/015p6,Bird,/m/05z6w,Penguin,/m/0h23m,Sparrow,0.5016666650772095
/m/015p6,Bird,/m/05z6w,Penguin,/m/0jly1,Turkey,0.4087070822715759
/m/015p6,Bird,/m/06j2d,Raven,/m/09b5t,Chicken,0.514018177986145
/m/015p6,Bird,/m/06j2d,Raven,/m/09csl,Eagle,0.5210577845573425
/m/015p6,Bird,/m/06j2d,Raven,/m/09d5_,Owl,0.4808848202228546
/m/015p6,Bird,/m/06j2d,Raven,/m/09ddx,Duck,0.4306301474571228
/m/015p6,Bird,/m/06j2d,Raven,/m/0ccs93,Canary,0.4285876750946045
/m/015p6,Bird,/m/06j2d,Raven,/m/0dbvp,Goose,0.4365842938423157
/m/015p6,Bird,/m/06j2d,Raven,/m/0dftk,Swan,0.5219869613647461
/m/015p6,Bird,/m/06j2d,Raven,/m/0f6wt,Falcon,0.542321503162384
/m/015p6,Bird,/m/06j2d,Raven,/m/0gv1x,Parrot,0.505184531211853
/m/015p6,Bird,/m/06j2d,Raven,/m/0h23m,Sparrow,0.5370440483093262
/m/015p6,Bird,/m/06j2d,Raven,/m/0jly1,Turkey,0.40568745136260986
/m/015p6,Bird,/m/09b5t,Chicken,/m/09csl,Eagle,0.5651953816413879
/m/015p6,Bird,/m/09b5t,Chicken,/m/09d5_,Owl,0.5801383256912231
/m/015p6,Bird,/m/09b5t,Chicken,/m/09ddx,Duck,0.5297163724899292
/m/015p6,Bird,/m/09b5t,Chicken,/m/0ccs93,Canary,0.5459900498390198
/m/015p6,Bird,/m/09b5t,Chicken,/m/0dbvp,Goose,0.45203351974487305
/m/015p6,Bird,/m/09b5t,Chicken,/m/0dftk,Swan,0.518958330154419
/m/015p6,Bird,/m/09b5t,Chicken,/m/0f6wt,Falcon,0.5135268568992615
/m/015p6,Bird,/m/09b5t,Chicken,/m/0gv1x,Parrot,0.5822486877441406
/m/015p6,Bird,/m/09b5t,Chicken,/m/0h23m,Sparrow,0.5379037857055664
/m/015p6,Bird,/m/09b5t,Chicken,/m/0jly1,Turkey,0.5799266695976257
/m/015p6,Bird,/m/09csl,Eagle,/m/09d5_,Owl,0.5908294916152954
/m/015p6,Bird,/m/09csl,Eagle,/m/09ddx,Duck,0.48208409547805786
/m/015p6,Bird,/m/09csl,Eagle,/m/0ccs93,Canary,0.40086060762405396
/m/015p6,Bird,/m/09csl,Eagle,/m/0dbvp,Goose,0.48084208369255066
/m/015p6,Bird,/m/09csl,Eagle,/m/0dftk,Swan,0.49617016315460205
/m/015p6,Bird,/m/09csl,Eagle,/m/0f6wt,Falcon,0.5530076026916504
/m/015p6,Bird,/m/09csl,Eagle,/m/0gv1x,Parrot,0.5270590782165527
/m/015p6,Bird,/m/09csl,Eagle,/m/0h23m,Sparrow,0.5404856204986572
/m/015p6,Bird,/m/09csl,Eagle,/m/0jly1,Turkey,0.4181964695453644
/m/015p6,Bird,/m/09d5_,Owl,/m/09ddx,Duck,0.5006763935089111
/m/015p6,Bird,/m/09d5_,Owl,/m/0ccs93,Canary,0.43375664949417114
/m/015p6,Bird,/m/09d5_,Owl,/m/0dbvp,Goose,0.4748842120170593
/m/015p6,Bird,/m/09d5_,Owl,/m/0dftk,Swan,0.5182691812515259
/m/015p6,Bird,/m/09d5_,Owl,/m/0f6wt,Falcon,0.4500355124473572
/m/015p6,Bird,/m/09d5_,Owl,/m/0gv1x,Parrot,0.5824432373046875
/m/015p6,Bird,/m/09d5_,Owl,/m/0h23m,Sparrow,0.5020943880081177
/m/015p6,Bird,/m/09d5_,Owl,/m/0jly1,Turkey,0.46435654163360596
/m/015p6,Bird,/m/09ddx,Duck,/m/0ccs93,Canary,0.4232058823108673
/m/015p6,Bird,/m/09ddx,Duck,/m/0dbvp,Goose,0.5093746185302734
/m/015p6,Bird,/m/09ddx,Duck,/m/0dftk,Swan,0.4944671392440796
/m/015p6,Bird,/m/09ddx,Duck,/m/0f6wt,Falcon,0.4106069803237915
/m/015p6,Bird,/m/09ddx,Duck,/m/0gv1x,Parrot,0.5334344506263733
/m/015p6,Bird,/m/09ddx,Duck,/m/0h23m,Sparrow,0.46292442083358765
/m/015p6,Bird,/m/09ddx,Duck,/m/0jly1,Turkey,0.47166723012924194
/m/015p6,Bird,/m/0ccs93,Canary,/m/0dbvp,Goose,0.3815242350101471
/m/015p6,Bird,/m/0ccs93,Canary,/m/0dftk,Swan,0.4921075701713562
/m/015p6,Bird,/m/0ccs93,Canary,/m/0f6wt,Falcon,0.4522858262062073
/m/015p6,Bird,/m/0ccs93,Canary,/m/0gv1x,Parrot,0.45127636194229126
/m/015p6,Bird,/m/0ccs93,Canary,/m/0h23m,Sparrow,0.4232240915298462
/m/015p6,Bird,/m/0ccs93,Canary,/m/0jly1,Turkey,0.47865644097328186
/m/015p6,Bird,/m/0dbvp,Goose,/m/0dftk,Swan,0.4170404374599457
/m/015p6,Bird,/m/0dbvp,Goose,/m/0f6wt,Falcon,0.3980788588523865
/m/015p6,Bird,/m/0dbvp,Goose,/m/0gv1x,Parrot,0.5100741386413574
/m/015p6,Bird,/m/0dbvp,Goose,/m/0h23m,Sparrow,0.455952525138855
/m/015p6,Bird,/m/0dbvp,Goose,/m/0jly1,Turkey,0.3878287672996521
/m/015p6,Bird,/m/0dftk,Swan,/m/0f6wt,Falcon,0.4906284809112549
/m/015p6,Bird,/m/0dftk,Swan,/m/0gv1x,Parrot,0.45600900053977966
/m/015p6,Bird,/m/0dftk,Swan,/m/0h23m,Sparrow,0.5489916801452637
/m/015p6,Bird,/m/0dftk,Swan,/m/0jly1,Turkey,0.3487992286682129
/m/015p6,Bird,/m/0f6wt,Falcon,/m/0gv1x,Parrot,0.5048364400863647
/m/015p6,Bird,/m/0f6wt,Falcon,/m/0h23m,Sparrow,0.5112079381942749
/m/015p6,Bird,/m/0f6wt,Falcon,/m/0jly1,Turkey,0.40255576372146606
/m/015p6,Bird,/m/0gv1x,Parrot,/m/0h23m,Sparrow,0.6883618235588074
/m/015p6,Bird,/m/0gv1x,Parrot,/m/0jly1,Turkey,0.43011870980262756
/m/015p6,Bird,/m/0h23m,Sparrow,/m/0jly1,Turkey,0.4032388925552368
/m/03hl4l9,Marine invertebrates,/m/01h8tj,Starfish,/m/035vxb,Isopod,0.38533544540405273
/m/03hl4l9,Marine invertebrates,/m/01h8tj,Starfish,/m/09gys,Squid,0.5530741810798645
/m/03hl4l9,Marine invertebrates,/m/01h8tj,Starfish,/m/0cjq5,Lobster,0.5591702461242676
/m/03hl4l9,Marine invertebrates,/m/01h8tj,Starfish,/m/0d8zb,Jellyfish,0.7299296855926514
/m/03hl4l9,Marine invertebrates,/m/01h8tj,Starfish,/m/0ll1f78,Shrimp,0.589119553565979
/m/03hl4l9,Marine invertebrates,/m/01h8tj,Starfish,/m/0n28_,Crab,0.4990875720977783
/m/03hl4l9,Marine invertebrates,/m/035vxb,Isopod,/m/09gys,Squid,0.5428977608680725
/m/03hl4l9,Marine invertebrates,/m/035vxb,Isopod,/m/0cjq5,Lobster,0.42150798439979553
/m/03hl4l9,Marine invertebrates,/m/035vxb,Isopod,/m/0d8zb,Jellyfish,0.32635873556137085
/m/03hl4l9,Marine invertebrates,/m/035vxb,Isopod,/m/0ll1f78,Shrimp,0.4372381567955017
/m/03hl4l9,Marine invertebrates,/m/035vxb,Isopod,/m/0n28_,Crab,0.46092337369918823
/m/03hl4l9,Marine invertebrates,/m/09gys,Squid,/m/0cjq5,Lobster,0.5543038845062256
/m/03hl4l9,Marine invertebrates,/m/09gys,Squid,/m/0d8zb,Jellyfish,0.5256974697113037
/m/03hl4l9,Marine invertebrates,/m/09gys,Squid,/m/0ll1f78,Shrimp,0.6453619003295898
/m/03hl4l9,Marine invertebrates,/m/09gys,Squid,/m/0n28_,Crab,0.6208152770996094
/m/03hl4l9,Marine invertebrates,/m/0cjq5,Lobster,/m/0d8zb,Jellyfish,0.4934151768684387
/m/03hl4l9,Marine invertebrates,/m/0cjq5,Lobster,/m/0ll1f78,Shrimp,0.6274341344833374
/m/03hl4l9,Marine invertebrates,/m/0cjq5,Lobster,/m/0n28_,Crab,0.6175125241279602
/m/03hl4l9,Marine invertebrates,/m/0d8zb,Jellyfish,/m/0ll1f78,Shrimp,0.5580500364303589
/m/03hl4l9,Marine invertebrates,/m/0d8zb,Jellyfish,/m/0n28_,Crab,0.45530638098716736
/m/03hl4l9,Marine invertebrates,/m/0ll1f78,Shrimp,/m/0n28_,Crab,0.6688999533653259
/m/0d_2m,Moths and butterflies,/m/0cydv,Caterpillar,/m/0cyf8,Butterfly,0.5260348916053772
/m/01dws,Bear,/m/01dxs,Brown bear,/m/03bj1,Panda,0.5091371536254883
/m/01dws,Bear,/m/01dxs,Brown bear,/m/0633h,Polar bear,0.7411399483680725
/m/01dws,Bear,/m/01dxs,Brown bear,/m/0kmg4,Teddy bear,0.679654598236084
/m/01dws,Bear,/m/03bj1,Panda,/m/0633h,Polar bear,0.4981074035167694
/m/01dws,Bear,/m/03bj1,Panda,/m/0kmg4,Teddy bear,0.5226740837097168
/m/01dws,Bear,/m/0633h,Polar bear,/m/0kmg4,Teddy bear,0.6793117523193359
/m/0gd2v,Marine mammal,/m/02hj4,Dolphin,/m/084zz,Whale,0.5724740624427795
/m/0gd2v,Marine mammal,/m/02hj4,Dolphin,/m/0gd36,Sea lion,0.5202863812446594
/m/0gd2v,Marine mammal,/m/02hj4,Dolphin,/m/02l8p9,Harbor seal,0.4027472734451294
/m/0gd2v,Marine mammal,/m/084zz,Whale,/m/0gd36,Sea lion,0.5516862869262695
/m/0gd2v,Marine mammal,/m/084zz,Whale,/m/02l8p9,Harbor seal,0.505098819732666
/m/0gd2v,Marine mammal,/m/0gd36,Sea lion,/m/02l8p9,Harbor seal,0.6036643981933594
/m/09dzg,Turtle,/m/011k07,Tortoise,/m/0120dh,Sea turtle,0.5238388776779175
/m/0ch_cf,Fish,/m/03fj2,Goldfish,/m/0by6g,Shark,0.5066134333610535
/m/0ch_cf,Fish,/m/03fj2,Goldfish,/m/0m53l,Rays and skates,0.3582085371017456
/m/0ch_cf,Fish,/m/03fj2,Goldfish,/m/0nybt,Seahorse,0.4325462579727173
/m/0ch_cf,Fish,/m/0by6g,Shark,/m/0m53l,Rays and skates,0.4356333613395691
/m/0ch_cf,Fish,/m/0by6g,Shark,/m/0nybt,Seahorse,0.5420374870300293
/m/0ch_cf,Fish,/m/0m53l,Rays and skates,/m/0nybt,Seahorse,0.3856238126754761
/m/0fbdv,Shellfish,/m/0_cp5,Oyster,/m/0cjq5,Lobster,0.7183272838592529
/m/0fbdv,Shellfish,/m/0_cp5,Oyster,/m/0ll1f78,Shrimp,0.5882644057273865
/m/0fbdv,Shellfish,/m/0_cp5,Oyster,/m/0n28_,Crab,0.526160478591919
/m/0fbdv,Shellfish,/m/0cjq5,Lobster,/m/0ll1f78,Shrimp,0.6274341344833374
/m/0fbdv,Shellfish,/m/0cjq5,Lobster,/m/0n28_,Crab,0.6175125241279602
/m/0fbdv,Shellfish,/m/0ll1f78,Shrimp,/m/0n28_,Crab,0.6688999533653259
/m/014trl,Cosmetics,/m/02xb7qb,Face powder,/m/05w9t9,Hair spray,0.5722823143005371
/m/014trl,Cosmetics,/m/02xb7qb,Face powder,/m/06c7f7,Lipstick,0.49707111716270447
/m/014trl,Cosmetics,/m/02xb7qb,Face powder,/m/0p833,Perfume,0.48110896348953247
/m/014trl,Cosmetics,/m/05w9t9,Hair spray,/m/06c7f7,Lipstick,0.5352691411972046
/m/014trl,Cosmetics,/m/05w9t9,Hair spray,/m/0p833,Perfume,0.5007656812667847
/m/014trl,Cosmetics,/m/06c7f7,Lipstick,/m/0p833,Perfume,0.6100366115570068
/m/02w3_ws,Personal care,/m/012xff,Toothbrush,/m/017ftj,Sunglasses,0.5704236626625061
/m/02w3_ws,Personal care,/m/012xff,Toothbrush,/m/02_n6y,Goggles,0.5718156099319458
/m/02w3_ws,Personal care,/m/012xff,Toothbrush,/m/05441v,Crutch,0.5072585344314575
/m/02w3_ws,Personal care,/m/012xff,Toothbrush,/m/08p92x,Cream,0.466347336769104
/m/02w3_ws,Personal care,/m/012xff,Toothbrush,/m/0f571,Diaper,0.5009254813194275
/m/02w3_ws,Personal care,/m/012xff,Toothbrush,/m/0jyfg,Glasses,0.5497426390647888
/m/02w3_ws,Personal care,/m/012xff,Toothbrush,/m/0qmmr,Wheelchair,0.5632802248001099
/m/02w3_ws,Personal care,/m/017ftj,Sunglasses,/m/02_n6y,Goggles,0.8429242968559265
/m/02w3_ws,Personal care,/m/017ftj,Sunglasses,/m/05441v,Crutch,0.4507291615009308
/m/02w3_ws,Personal care,/m/017ftj,Sunglasses,/m/08p92x,Cream,0.47963905334472656
/m/02w3_ws,Personal care,/m/017ftj,Sunglasses,/m/0f571,Diaper,0.5266797542572021
/m/02w3_ws,Personal care,/m/017ftj,Sunglasses,/m/0jyfg,Glasses,0.8600725531578064
/m/02w3_ws,Personal care,/m/017ftj,Sunglasses,/m/0qmmr,Wheelchair,0.5859470367431641
/m/02w3_ws,Personal care,/m/02_n6y,Goggles,/m/05441v,Crutch,0.4634650647640228
/m/02w3_ws,Personal care,/m/02_n6y,Goggles,/m/08p92x,Cream,0.4666682183742523
/m/02w3_ws,Personal care,/m/02_n6y,Goggles,/m/0f571,Diaper,0.4592117667198181
/m/02w3_ws,Personal care,/m/02_n6y,Goggles,/m/0jyfg,Glasses,0.8126417994499207
/m/02w3_ws,Personal care,/m/02_n6y,Goggles,/m/0qmmr,Wheelchair,0.5505691766738892
/m/02w3_ws,Personal care,/m/05441v,Crutch,/m/08p92x,Cream,0.43289175629615784
/m/02w3_ws,Personal care,/m/05441v,Crutch,/m/0f571,Diaper,0.3385138511657715
/m/02w3_ws,Personal care,/m/05441v,Crutch,/m/0jyfg,Glasses,0.4606136381626129
/m/02w3_ws,Personal care,/m/05441v,Crutch,/m/0qmmr,Wheelchair,0.49085038900375366
/m/02w3_ws,Personal care,/m/08p92x,Cream,/m/0f571,Diaper,0.4734348654747009
/m/02w3_ws,Personal care,/m/08p92x,Cream,/m/0jyfg,Glasses,0.5314456224441528
/m/02w3_ws,Personal care,/m/08p92x,Cream,/m/0qmmr,Wheelchair,0.41501834988594055
/m/02w3_ws,Personal care,/m/0f571,Diaper,/m/0jyfg,Glasses,0.5271792411804199
/m/02w3_ws,Personal care,/m/0f571,Diaper,/m/0qmmr,Wheelchair,0.526355504989624
/m/02w3_ws,Personal care,/m/0jyfg,Glasses,/m/0qmmr,Wheelchair,0.5653250217437744
/m/01xgg_,Medical equipment,/m/012ysf,Syringe,/m/02lbcq,Stretcher,0.4636653959751129
/m/01xgg_,Medical equipment,/m/012ysf,Syringe,/m/073g6,Stethoscope,0.5465859174728394
/m/01xgg_,Medical equipment,/m/012ysf,Syringe,/m/0j496,Band-aid,0.5180440545082092
/m/01xgg_,Medical equipment,/m/02lbcq,Stretcher,/m/073g6,Stethoscope,0.5645902752876282
/m/01xgg_,Medical equipment,/m/02lbcq,Stretcher,/m/0j496,Band-aid,0.4627395570278168
/m/01xgg_,Medical equipment,/m/073g6,Stethoscope,/m/0j496,Band-aid,0.5263162851333618
/m/04szw,Musical instrument,/m/013y1f,Organ (Musical Instrument),/m/018j2,Banjo,0.46989068388938904
/m/04szw,Musical instrument,/m/013y1f,Organ (Musical Instrument),/m/01xqw,Cello,0.5831262469291687
/m/04szw,Musical instrument,/m/013y1f,Organ (Musical Instrument),/m/026t6,Drum,0.4819788634777069
/m/04szw,Musical instrument,/m/013y1f,Organ (Musical Instrument),/m/0319l,French horn,0.48104146122932434
/m/04szw,Musical instrument,/m/013y1f,Organ (Musical Instrument),/m/0342h,Guitar,0.5773378610610962
/m/04szw,Musical instrument,/m/013y1f,Organ (Musical Instrument),/m/03m5k,Harp,0.49009451270103455
/m/04szw,Musical instrument,/m/013y1f,Organ (Musical Instrument),/m/03q5t,Harpsichord,0.5455690622329712
/m/04szw,Musical instrument,/m/013y1f,Organ (Musical Instrument),/m/03qjg,Harmonica,0.4726935029029846
/m/04szw,Musical instrument,/m/013y1f,Organ (Musical Instrument),/m/057cc,Musical keyboard,0.5778157711029053
/m/04szw,Musical instrument,/m/013y1f,Organ (Musical Instrument),/m/05kms,Oboe,0.36300668120384216
/m/04szw,Musical instrument,/m/013y1f,Organ (Musical Instrument),/m/05r5c,Piano,0.6000254154205322
/m/04szw,Musical instrument,/m/013y1f,Organ (Musical Instrument),/m/06ncr,Saxophone,0.5864594578742981
/m/04szw,Musical instrument,/m/013y1f,Organ (Musical Instrument),/m/07c6l,Trombone,0.5244402885437012
/m/04szw,Musical instrument,/m/013y1f,Organ (Musical Instrument),/m/07gql,Trumpet,0.5211473703384399
/m/04szw,Musical instrument,/m/013y1f,Organ (Musical Instrument),/m/07y_7,Violin,0.6286108493804932
/m/04szw,Musical instrument,/m/013y1f,Organ (Musical Instrument),/m/0f8s22,Chime,0.3478204011917114
/m/04szw,Musical instrument,/m/013y1f,Organ (Musical Instrument),/m/0l14j_,Flute,0.4965328574180603
/m/04szw,Musical instrument,/m/013y1f,Organ (Musical Instrument),/m/0mkg,Accordion,0.49601513147354126
/m/04szw,Musical instrument,/m/013y1f,Organ (Musical Instrument),/m/0xzly,Maraca,0.2929859459400177
/m/04szw,Musical instrument,/m/018j2,Banjo,/m/01xqw,Cello,0.6316832304000854
/m/04szw,Musical instrument,/m/018j2,Banjo,/m/026t6,Drum,0.5405259728431702
/m/04szw,Musical instrument,/m/018j2,Banjo,/m/0319l,French horn,0.5062823295593262
/m/04szw,Musical instrument,/m/018j2,Banjo,/m/0342h,Guitar,0.5665016174316406
/m/04szw,Musical instrument,/m/018j2,Banjo,/m/03m5k,Harp,0.4949358403682709
/m/04szw,Musical instrument,/m/018j2,Banjo,/m/03q5t,Harpsichord,0.5229358077049255
/m/04szw,Musical instrument,/m/018j2,Banjo,/m/03qjg,Harmonica,0.42420920729637146
/m/04szw,Musical instrument,/m/018j2,Banjo,/m/057cc,Musical keyboard,0.5326574444770813
/m/04szw,Musical instrument,/m/018j2,Banjo,/m/05kms,Oboe,0.5082611441612244
/m/04szw,Musical instrument,/m/018j2,Banjo,/m/05r5c,Piano,0.6270508766174316
/m/04szw,Musical instrument,/m/018j2,Banjo,/m/06ncr,Saxophone,0.6043557524681091
/m/04szw,Musical instrument,/m/018j2,Banjo,/m/07c6l,Trombone,0.5477759838104248
/m/04szw,Musical instrument,/m/018j2,Banjo,/m/07gql,Trumpet,0.501571774482727
/m/04szw,Musical instrument,/m/018j2,Banjo,/m/07y_7,Violin,0.5815016031265259
/m/04szw,Musical instrument,/m/018j2,Banjo,/m/0f8s22,Chime,0.3921082019805908
/m/04szw,Musical instrument,/m/018j2,Banjo,/m/0l14j_,Flute,0.558522641658783
/m/04szw,Musical instrument,/m/018j2,Banjo,/m/0mkg,Accordion,0.5084181427955627
/m/04szw,Musical instrument,/m/018j2,Banjo,/m/0xzly,Maraca,0.3742191195487976
/m/04szw,Musical instrument,/m/01xqw,Cello,/m/026t6,Drum,0.5891997814178467
/m/04szw,Musical instrument,/m/01xqw,Cello,/m/0319l,French horn,0.4883592128753662
/m/04szw,Musical instrument,/m/01xqw,Cello,/m/0342h,Guitar,0.7039648294448853
/m/04szw,Musical instrument,/m/01xqw,Cello,/m/03m5k,Harp,0.5511698722839355
/m/04szw,Musical instrument,/m/01xqw,Cello,/m/03q5t,Harpsichord,0.5664970278739929
/m/04szw,Musical instrument,/m/01xqw,Cello,/m/03qjg,Harmonica,0.5264115929603577
/m/04szw,Musical instrument,/m/01xqw,Cello,/m/057cc,Musical keyboard,0.6208294630050659
/m/04szw,Musical instrument,/m/01xqw,Cello,/m/05kms,Oboe,0.5229829549789429
/m/04szw,Musical instrument,/m/01xqw,Cello,/m/05r5c,Piano,0.7546267509460449
/m/04szw,Musical instrument,/m/01xqw,Cello,/m/06ncr,Saxophone,0.7329522371292114
/m/04szw,Musical instrument,/m/01xqw,Cello,/m/07c6l,Trombone,0.6079262495040894
/m/04szw,Musical instrument,/m/01xqw,Cello,/m/07gql,Trumpet,0.5857823491096497
/m/04szw,Musical instrument,/m/01xqw,Cello,/m/07y_7,Violin,0.7642104029655457
/m/04szw,Musical instrument,/m/01xqw,Cello,/m/0f8s22,Chime,0.4770221412181854
/m/04szw,Musical instrument,/m/01xqw,Cello,/m/0l14j_,Flute,0.617444634437561
/m/04szw,Musical instrument,/m/01xqw,Cello,/m/0mkg,Accordion,0.5517278909683228
/m/04szw,Musical instrument,/m/01xqw,Cello,/m/0xzly,Maraca,0.4066585898399353
/m/04szw,Musical instrument,/m/026t6,Drum,/m/0319l,French horn,0.48831313848495483
/m/04szw,Musical instrument,/m/026t6,Drum,/m/0342h,Guitar,0.6313272714614868
/m/04szw,Musical instrument,/m/026t6,Drum,/m/03m5k,Harp,0.5220431089401245
/m/04szw,Musical instrument,/m/026t6,Drum,/m/03q5t,Harpsichord,0.49032431840896606
/m/04szw,Musical instrument,/m/026t6,Drum,/m/03qjg,Harmonica,0.4589746594429016
/m/04szw,Musical instrument,/m/026t6,Drum,/m/057cc,Musical keyboard,0.5981333255767822
/m/04szw,Musical instrument,/m/026t6,Drum,/m/05kms,Oboe,0.4791145920753479
/m/04szw,Musical instrument,/m/026t6,Drum,/m/05r5c,Piano,0.6453408598899841
/m/04szw,Musical instrument,/m/026t6,Drum,/m/06ncr,Saxophone,0.5570874214172363
/m/04szw,Musical instrument,/m/026t6,Drum,/m/07c6l,Trombone,0.5911505818367004
/m/04szw,Musical instrument,/m/026t6,Drum,/m/07gql,Trumpet,0.6219213008880615
/m/04szw,Musical instrument,/m/026t6,Drum,/m/07y_7,Violin,0.6004709005355835
/m/04szw,Musical instrument,/m/026t6,Drum,/m/0f8s22,Chime,0.4688863754272461
/m/04szw,Musical instrument,/m/026t6,Drum,/m/0l14j_,Flute,0.6238414645195007
/m/04szw,Musical instrument,/m/026t6,Drum,/m/0mkg,Accordion,0.4870416522026062
/m/04szw,Musical instrument,/m/026t6,Drum,/m/0xzly,Maraca,0.37423813343048096
/m/04szw,Musical instrument,/m/0319l,French horn,/m/0342h,Guitar,0.47514334321022034
/m/04szw,Musical instrument,/m/0319l,French horn,/m/03m5k,Harp,0.5466868877410889
/m/04szw,Musical instrument,/m/0319l,French horn,/m/03q5t,Harpsichord,0.5244469046592712
/m/04szw,Musical instrument,/m/0319l,French horn,/m/03qjg,Harmonica,0.48710039258003235
/m/04szw,Musical instrument,/m/0319l,French horn,/m/057cc,Musical keyboard,0.5192601680755615
/m/04szw,Musical instrument,/m/0319l,French horn,/m/05kms,Oboe,0.3466472625732422
/m/04szw,Musical instrument,/m/0319l,French horn,/m/05r5c,Piano,0.5177054405212402
/m/04szw,Musical instrument,/m/0319l,French horn,/m/06ncr,Saxophone,0.5237648487091064
/m/04szw,Musical instrument,/m/0319l,French horn,/m/07c6l,Trombone,0.48455649614334106
/m/04szw,Musical instrument,/m/0319l,French horn,/m/07gql,Trumpet,0.5028101801872253
/m/04szw,Musical instrument,/m/0319l,French horn,/m/07y_7,Violin,0.5288045406341553
/m/04szw,Musical instrument,/m/0319l,French horn,/m/0f8s22,Chime,0.3929045796394348
/m/04szw,Musical instrument,/m/0319l,French horn,/m/0l14j_,Flute,0.4998568296432495
/m/04szw,Musical instrument,/m/0319l,French horn,/m/0mkg,Accordion,0.44484248757362366
/m/04szw,Musical instrument,/m/0319l,French horn,/m/0xzly,Maraca,0.3181622624397278
/m/04szw,Musical instrument,/m/0342h,Guitar,/m/03m5k,Harp,0.5560405850410461
/m/04szw,Musical instrument,/m/0342h,Guitar,/m/03q5t,Harpsichord,0.5821782350540161
/m/04szw,Musical instrument,/m/0342h,Guitar,/m/03qjg,Harmonica,0.480800986289978
/m/04szw,Musical instrument,/m/0342h,Guitar,/m/057cc,Musical keyboard,0.6783637404441833
/m/04szw,Musical instrument,/m/0342h,Guitar,/m/05kms,Oboe,0.48404189944267273
/m/04szw,Musical instrument,/m/0342h,Guitar,/m/05r5c,Piano,0.7357285022735596
/m/04szw,Musical instrument,/m/0342h,Guitar,/m/06ncr,Saxophone,0.6812917590141296
/m/04szw,Musical instrument,/m/0342h,Guitar,/m/07c6l,Trombone,0.580021321773529
/m/04szw,Musical instrument,/m/0342h,Guitar,/m/07gql,Trumpet,0.6331195831298828
/m/04szw,Musical instrument,/m/0342h,Guitar,/m/07y_7,Violin,0.733063280582428
/m/04szw,Musical instrument,/m/0342h,Guitar,/m/0f8s22,Chime,0.42526665329933167
/m/04szw,Musical instrument,/m/0342h,Guitar,/m/0l14j_,Flute,0.5935198068618774
/m/04szw,Musical instrument,/m/0342h,Guitar,/m/0mkg,Accordion,0.5522571802139282
/m/04szw,Musical instrument,/m/0342h,Guitar,/m/0xzly,Maraca,0.3707513213157654
/m/04szw,Musical instrument,/m/03m5k,Harp,/m/03q5t,Harpsichord,0.6928069591522217
/m/04szw,Musical instrument,/m/03m5k,Harp,/m/03qjg,Harmonica,0.5475440621376038
/m/04szw,Musical instrument,/m/03m5k,Harp,/m/057cc,Musical keyboard,0.5096456408500671
/m/04szw,Musical instrument,/m/03m5k,Harp,/m/05kms,Oboe,0.4555516541004181
/m/04szw,Musical instrument,/m/03m5k,Harp,/m/05r5c,Piano,0.5446311831474304
/m/04szw,Musical instrument,/m/03m5k,Harp,/m/06ncr,Saxophone,0.5532208681106567
/m/04szw,Musical instrument,/m/03m5k,Harp,/m/07c6l,Trombone,0.4961104393005371
/m/04szw,Musical instrument,/m/03m5k,Harp,/m/07gql,Trumpet,0.5827869772911072
/m/04szw,Musical instrument,/m/03m5k,Harp,/m/07y_7,Violin,0.5453599095344543
/m/04szw,Musical instrument,/m/03m5k,Harp,/m/0f8s22,Chime,0.46028080582618713
/m/04szw,Musical instrument,/m/03m5k,Harp,/m/0l14j_,Flute,0.5197807550430298
/m/04szw,Musical instrument,/m/03m5k,Harp,/m/0mkg,Accordion,0.5268441438674927
/m/04szw,Musical instrument,/m/03m5k,Harp,/m/0xzly,Maraca,0.3596131205558777
/m/04szw,Musical instrument,/m/03q5t,Harpsichord,/m/03qjg,Harmonica,0.5271002650260925
/m/04szw,Musical instrument,/m/03q5t,Harpsichord,/m/057cc,Musical keyboard,0.5360023975372314
/m/04szw,Musical instrument,/m/03q5t,Harpsichord,/m/05kms,Oboe,0.4163062572479248
/m/04szw,Musical instrument,/m/03q5t,Harpsichord,/m/05r5c,Piano,0.5672235488891602
/m/04szw,Musical instrument,/m/03q5t,Harpsichord,/m/06ncr,Saxophone,0.6008689999580383
/m/04szw,Musical instrument,/m/03q5t,Harpsichord,/m/07c6l,Trombone,0.5231759548187256
/m/04szw,Musical instrument,/m/03q5t,Harpsichord,/m/07gql,Trumpet,0.5799272656440735
/m/04szw,Musical instrument,/m/03q5t,Harpsichord,/m/07y_7,Violin,0.5857987403869629
/m/04szw,Musical instrument,/m/03q5t,Harpsichord,/m/0f8s22,Chime,0.44362741708755493
/m/04szw,Musical instrument,/m/03q5t,Harpsichord,/m/0l14j_,Flute,0.5114363431930542
/m/04szw,Musical instrument,/m/03q5t,Harpsichord,/m/0mkg,Accordion,0.6004567742347717
/m/04szw,Musical instrument,/m/03q5t,Harpsichord,/m/0xzly,Maraca,0.39899691939353943
/m/04szw,Musical instrument,/m/03qjg,Harmonica,/m/057cc,Musical keyboard,0.4951147139072418
/m/04szw,Musical instrument,/m/03qjg,Harmonica,/m/05kms,Oboe,0.4147074818611145
/m/04szw,Musical instrument,/m/03qjg,Harmonica,/m/05r5c,Piano,0.5577186346054077
/m/04szw,Musical instrument,/m/03qjg,Harmonica,/m/06ncr,Saxophone,0.5148033499717712
/m/04szw,Musical instrument,/m/03qjg,Harmonica,/m/07c6l,Trombone,0.5389788746833801
/m/04szw,Musical instrument,/m/03qjg,Harmonica,/m/07gql,Trumpet,0.4771413207054138
/m/04szw,Musical instrument,/m/03qjg,Harmonica,/m/07y_7,Violin,0.5555797815322876
/m/04szw,Musical instrument,/m/03qjg,Harmonica,/m/0f8s22,Chime,0.47362667322158813
/m/04szw,Musical instrument,/m/03qjg,Harmonica,/m/0l14j_,Flute,0.44878751039505005
/m/04szw,Musical instrument,/m/03qjg,Harmonica,/m/0mkg,Accordion,0.5495433807373047
/m/04szw,Musical instrument,/m/03qjg,Harmonica,/m/0xzly,Maraca,0.49523186683654785
/m/04szw,Musical instrument,/m/057cc,Musical keyboard,/m/05kms,Oboe,0.42645299434661865
/m/04szw,Musical instrument,/m/057cc,Musical keyboard,/m/05r5c,Piano,0.7136887907981873
/m/04szw,Musical instrument,/m/057cc,Musical keyboard,/m/06ncr,Saxophone,0.5906414985656738
/m/04szw,Musical instrument,/m/057cc,Musical keyboard,/m/07c6l,Trombone,0.5072277784347534
/m/04szw,Musical instrument,/m/057cc,Musical keyboard,/m/07gql,Trumpet,0.5942674875259399
/m/04szw,Musical instrument,/m/057cc,Musical keyboard,/m/07y_7,Violin,0.6661210060119629
/m/04szw,Musical instrument,/m/057cc,Musical keyboard,/m/0f8s22,Chime,0.41850006580352783
/m/04szw,Musical instrument,/m/057cc,Musical keyboard,/m/0l14j_,Flute,0.5745220184326172
/m/04szw,Musical instrument,/m/057cc,Musical keyboard,/m/0mkg,Accordion,0.5188037157058716
/m/04szw,Musical instrument,/m/057cc,Musical keyboard,/m/0xzly,Maraca,0.33335769176483154
/m/04szw,Musical instrument,/m/05kms,Oboe,/m/05r5c,Piano,0.4998108446598053
/m/04szw,Musical instrument,/m/05kms,Oboe,/m/06ncr,Saxophone,0.49817144870758057
/m/04szw,Musical instrument,/m/05kms,Oboe,/m/07c6l,Trombone,0.5094782114028931
/m/04szw,Musical instrument,/m/05kms,Oboe,/m/07gql,Trumpet,0.4560302495956421
/m/04szw,Musical instrument,/m/05kms,Oboe,/m/07y_7,Violin,0.49664685130119324
/m/04szw,Musical instrument,/m/05kms,Oboe,/m/0f8s22,Chime,0.48483461141586304
/m/04szw,Musical instrument,/m/05kms,Oboe,/m/0l14j_,Flute,0.4751746356487274
/m/04szw,Musical instrument,/m/05kms,Oboe,/m/0mkg,Accordion,0.4477940797805786
/m/04szw,Musical instrument,/m/05kms,Oboe,/m/0xzly,Maraca,0.3490782678127289
/m/04szw,Musical instrument,/m/05r5c,Piano,/m/06ncr,Saxophone,0.7221193909645081
/m/04szw,Musical instrument,/m/05r5c,Piano,/m/07c6l,Trombone,0.6050989031791687
/m/04szw,Musical instrument,/m/05r5c,Piano,/m/07gql,Trumpet,0.631393551826477
/m/04szw,Musical instrument,/m/05r5c,Piano,/m/07y_7,Violin,0.7573221921920776
/m/04szw,Musical instrument,/m/05r5c,Piano,/m/0f8s22,Chime,0.4649712145328522
/m/04szw,Musical instrument,/m/05r5c,Piano,/m/0l14j_,Flute,0.6073522567749023
/m/04szw,Musical instrument,/m/05r5c,Piano,/m/0mkg,Accordion,0.5583739280700684
/m/04szw,Musical instrument,/m/05r5c,Piano,/m/0xzly,Maraca,0.347825825214386
/m/04szw,Musical instrument,/m/06ncr,Saxophone,/m/07c6l,Trombone,0.6090242862701416
/m/04szw,Musical instrument,/m/06ncr,Saxophone,/m/07gql,Trumpet,0.6136205196380615
/m/04szw,Musical instrument,/m/06ncr,Saxophone,/m/07y_7,Violin,0.7249332070350647
/m/04szw,Musical instrument,/m/06ncr,Saxophone,/m/0f8s22,Chime,0.42342081665992737
/m/04szw,Musical instrument,/m/06ncr,Saxophone,/m/0l14j_,Flute,0.5963941216468811
/m/04szw,Musical instrument,/m/06ncr,Saxophone,/m/0mkg,Accordion,0.5373356938362122
/m/04szw,Musical instrument,/m/06ncr,Saxophone,/m/0xzly,Maraca,0.39253032207489014
/m/04szw,Musical instrument,/m/07c6l,Trombone,/m/07gql,Trumpet,0.5883676409721375
/m/04szw,Musical instrument,/m/07c6l,Trombone,/m/07y_7,Violin,0.6037551164627075
/m/04szw,Musical instrument,/m/07c6l,Trombone,/m/0f8s22,Chime,0.4783211946487427
/m/04szw,Musical instrument,/m/07c6l,Trombone,/m/0l14j_,Flute,0.600757360458374
/m/04szw,Musical instrument,/m/07c6l,Trombone,/m/0mkg,Accordion,0.5444003343582153
/m/04szw,Musical instrument,/m/07c6l,Trombone,/m/0xzly,Maraca,0.3800477981567383
/m/04szw,Musical instrument,/m/07gql,Trumpet,/m/07y_7,Violin,0.6552809476852417
/m/04szw,Musical instrument,/m/07gql,Trumpet,/m/0f8s22,Chime,0.48909908533096313
/m/04szw,Musical instrument,/m/07gql,Trumpet,/m/0l14j_,Flute,0.6269774436950684
/m/04szw,Musical instrument,/m/07gql,Trumpet,/m/0mkg,Accordion,0.5236456394195557
/m/04szw,Musical instrument,/m/07gql,Trumpet,/m/0xzly,Maraca,0.3987048864364624
/m/04szw,Musical instrument,/m/07y_7,Violin,/m/0f8s22,Chime,0.4535677433013916
/m/04szw,Musical instrument,/m/07y_7,Violin,/m/0l14j_,Flute,0.6781765222549438
/m/04szw,Musical instrument,/m/07y_7,Violin,/m/0mkg,Accordion,0.568109393119812
/m/04szw,Musical instrument,/m/07y_7,Violin,/m/0xzly,Maraca,0.3822745680809021
/m/04szw,Musical instrument,/m/0f8s22,Chime,/m/0l14j_,Flute,0.5184628367424011
/m/04szw,Musical instrument,/m/0f8s22,Chime,/m/0mkg,Accordion,0.4091697335243225
/m/04szw,Musical instrument,/m/0f8s22,Chime,/m/0xzly,Maraca,0.3575495481491089
/m/04szw,Musical instrument,/m/0l14j_,Flute,/m/0mkg,Accordion,0.4984140396118164
/m/04szw,Musical instrument,/m/0l14j_,Flute,/m/0xzly,Maraca,0.3664919137954712
/m/04szw,Musical instrument,/m/0mkg,Accordion,/m/0xzly,Maraca,0.3294334411621094
/m/018xm,Ball (Object),/m/01226z,Football,/m/02ctlc,Cricket ball,0.626019299030304
/m/018xm,Ball (Object),/m/01226z,Football,/m/02rgn06,Volleyball (Ball),0.540843665599823
/m/018xm,Ball (Object),/m/01226z,Football,/m/05ctyq,Tennis ball,0.5693793296813965
/m/018xm,Ball (Object),/m/01226z,Football,/m/0wdt60w,Rugby ball,0.6632635593414307
/m/018xm,Ball (Object),/m/02ctlc,Cricket ball,/m/02rgn06,Volleyball (Ball),0.4797820448875427
/m/018xm,Ball (Object),/m/02ctlc,Cricket ball,/m/05ctyq,Tennis ball,0.7555986046791077
/m/018xm,Ball (Object),/m/02ctlc,Cricket ball,/m/0wdt60w,Rugby ball,0.7882883548736572
/m/018xm,Ball (Object),/m/02rgn06,Volleyball (Ball),/m/05ctyq,Tennis ball,0.581616997718811
/m/018xm,Ball (Object),/m/02rgn06,Volleyball (Ball),/m/0wdt60w,Rugby ball,0.5352336168289185
/m/018xm,Ball (Object),/m/05ctyq,Tennis ball,/m/0wdt60w,Rugby ball,0.7258329391479492
/m/0dv9c,Racket,/m/0h8my_4,Tennis racket,/m/05_5p_0,Table tennis racket,0.9214935302734375
/m/0zvk5,Helmet,/m/03p3bw,Bicycle helmet,/m/07qxg_,Football helmet,0.7517296075820923
/m/011q46kg,Container,/m/02jnhm,Tin can,/m/02zn6n,Barrel,0.45266395807266235
/m/011q46kg,Container,/m/02jnhm,Tin can,/m/04dr76w,Bottle,0.5225049257278442
/m/011q46kg,Container,/m/02jnhm,Tin can,/m/07kng9,Picnic basket,0.5918759107589722
/m/011q46kg,Container,/m/02jnhm,Tin can,/m/08hvt4,Jug,0.4196355938911438
/m/011q46kg,Container,/m/02jnhm,Tin can,/m/0bjyj5,Waste container,0.5841047167778015
/m/011q46kg,Container,/m/02jnhm,Tin can,/m/0d20w4,Beaker,0.457956999540329
/m/011q46kg,Container,/m/02jnhm,Tin can,/m/0fm3zh,Flowerpot,0.42855095863342285
/m/011q46kg,Container,/m/02zn6n,Barrel,/m/04dr76w,Bottle,0.6995017528533936
/m/011q46kg,Container,/m/02zn6n,Barrel,/m/07kng9,Picnic basket,0.5333048701286316
/m/011q46kg,Container,/m/02zn6n,Barrel,/m/08hvt4,Jug,0.4648358225822449
/m/011q46kg,Container,/m/02zn6n,Barrel,/m/0bjyj5,Waste container,0.54754638671875
/m/011q46kg,Container,/m/02zn6n,Barrel,/m/0d20w4,Beaker,0.5237001180648804
/m/011q46kg,Container,/m/02zn6n,Barrel,/m/0fm3zh,Flowerpot,0.44665417075157166
/m/011q46kg,Container,/m/04dr76w,Bottle,/m/07kng9,Picnic basket,0.548839807510376
/m/011q46kg,Container,/m/04dr76w,Bottle,/m/08hvt4,Jug,0.4064366817474365
/m/011q46kg,Container,/m/04dr76w,Bottle,/m/0bjyj5,Waste container,0.5424944758415222
/m/011q46kg,Container,/m/04dr76w,Bottle,/m/0d20w4,Beaker,0.5618994832038879
/m/011q46kg,Container,/m/04dr76w,Bottle,/m/0fm3zh,Flowerpot,0.516431450843811
/m/011q46kg,Container,/m/07kng9,Picnic basket,/m/08hvt4,Jug,0.391671359539032
/m/011q46kg,Container,/m/07kng9,Picnic basket,/m/0bjyj5,Waste container,0.6143009662628174
/m/011q46kg,Container,/m/07kng9,Picnic basket,/m/0d20w4,Beaker,0.45908820629119873
/m/011q46kg,Container,/m/07kng9,Picnic basket,/m/0fm3zh,Flowerpot,0.4418463110923767
/m/011q46kg,Container,/m/08hvt4,Jug,/m/0bjyj5,Waste container,0.45086929202079773
/m/011q46kg,Container,/m/08hvt4,Jug,/m/0d20w4,Beaker,0.4341144561767578
/m/011q46kg,Container,/m/08hvt4,Jug,/m/0fm3zh,Flowerpot,0.407304048538208
/m/011q46kg,Container,/m/0bjyj5,Waste container,/m/0d20w4,Beaker,0.4876962900161743
/m/011q46kg,Container,/m/0bjyj5,Waste container,/m/0fm3zh,Flowerpot,0.42519432306289673
/m/011q46kg,Container,/m/0d20w4,Beaker,/m/0fm3zh,Flowerpot,0.43963193893432617
/m/03hlz0c,Kitchen utensil,/m/01_5g,Chopsticks,/m/027rl48,Ladle,0.3827231228351593
/m/03hlz0c,Kitchen utensil,/m/01_5g,Chopsticks,/m/02d1br,Spatula,0.534273624420166
/m/03hlz0c,Kitchen utensil,/m/01_5g,Chopsticks,/m/02mqfb,Can opener,0.3430207371711731
/m/03hlz0c,Kitchen utensil,/m/01_5g,Chopsticks,/m/02pdsw,Cutting board,0.5807355642318726
/m/03hlz0c,Kitchen utensil,/m/01_5g,Chopsticks,/m/02vwcm,Whisk,0.5894169807434082
/m/03hlz0c,Kitchen utensil,/m/01_5g,Chopsticks,/m/03v5tg,Drinking straw,0.5059287548065186
/m/03hlz0c,Kitchen utensil,/m/01_5g,Chopsticks,/m/04ctx,Knife,0.5629638433456421
/m/03hlz0c,Kitchen utensil,/m/01_5g,Chopsticks,/m/04f5ws,Bottle opener,0.45563822984695435
/m/03hlz0c,Kitchen utensil,/m/01_5g,Chopsticks,/m/07v9_z,Measuring cup,0.4635271430015564
/m/03hlz0c,Kitchen utensil,/m/01_5g,Chopsticks,/m/08ks85,Pizza cutter,0.4938634932041168
/m/03hlz0c,Kitchen utensil,/m/01_5g,Chopsticks,/m/0cmx8,Spoon,0.5611612200737
/m/03hlz0c,Kitchen utensil,/m/01_5g,Chopsticks,/m/0dt3t,Fork,0.533470630645752
/m/03hlz0c,Kitchen utensil,/m/027rl48,Ladle,/m/02d1br,Spatula,0.4362073540687561
/m/03hlz0c,Kitchen utensil,/m/027rl48,Ladle,/m/02mqfb,Can opener,0.3343842625617981
/m/03hlz0c,Kitchen utensil,/m/027rl48,Ladle,/m/02pdsw,Cutting board,0.3805309534072876
/m/03hlz0c,Kitchen utensil,/m/027rl48,Ladle,/m/02vwcm,Whisk,0.4147111177444458
/m/03hlz0c,Kitchen utensil,/m/027rl48,Ladle,/m/03v5tg,Drinking straw,0.3460529148578644
/m/03hlz0c,Kitchen utensil,/m/027rl48,Ladle,/m/04ctx,Knife,0.44656431674957275
/m/03hlz0c,Kitchen utensil,/m/027rl48,Ladle,/m/04f5ws,Bottle opener,0.4107804000377655
/m/03hlz0c,Kitchen utensil,/m/027rl48,Ladle,/m/07v9_z,Measuring cup,0.357065349817276
/m/03hlz0c,Kitchen utensil,/m/027rl48,Ladle,/m/08ks85,Pizza cutter,0.34651538729667664
/m/03hlz0c,Kitchen utensil,/m/027rl48,Ladle,/m/0cmx8,Spoon,0.3759881556034088
/m/03hlz0c,Kitchen utensil,/m/027rl48,Ladle,/m/0dt3t,Fork,0.45032525062561035
/m/03hlz0c,Kitchen utensil,/m/02d1br,Spatula,/m/02mqfb,Can opener,0.35811859369277954
/m/03hlz0c,Kitchen utensil,/m/02d1br,Spatula,/m/02pdsw,Cutting board,0.5927632451057434
/m/03hlz0c,Kitchen utensil,/m/02d1br,Spatula,/m/02vwcm,Whisk,0.44070887565612793
/m/03hlz0c,Kitchen utensil,/m/02d1br,Spatula,/m/03v5tg,Drinking straw,0.5228811502456665
/m/03hlz0c,Kitchen utensil,/m/02d1br,Spatula,/m/04ctx,Knife,0.6162630915641785
/m/03hlz0c,Kitchen utensil,/m/02d1br,Spatula,/m/04f5ws,Bottle opener,0.5111085176467896
/m/03hlz0c,Kitchen utensil,/m/02d1br,Spatula,/m/07v9_z,Measuring cup,0.5046277046203613
/m/03hlz0c,Kitchen utensil,/m/02d1br,Spatula,/m/08ks85,Pizza cutter,0.5649805068969727
/m/03hlz0c,Kitchen utensil,/m/02d1br,Spatula,/m/0cmx8,Spoon,0.658685564994812
/m/03hlz0c,Kitchen utensil,/m/02d1br,Spatula,/m/0dt3t,Fork,0.5256895422935486
/m/03hlz0c,Kitchen utensil,/m/02mqfb,Can opener,/m/02pdsw,Cutting board,0.40956252813339233
/m/03hlz0c,Kitchen utensil,/m/02mqfb,Can opener,/m/02vwcm,Whisk,0.33997446298599243
/m/03hlz0c,Kitchen utensil,/m/02mqfb,Can opener,/m/03v5tg,Drinking straw,0.39345306158065796
/m/03hlz0c,Kitchen utensil,/m/02mqfb,Can opener,/m/04ctx,Knife,0.37668532133102417
/m/03hlz0c,Kitchen utensil,/m/02mqfb,Can opener,/m/04f5ws,Bottle opener,0.6559803485870361
/m/03hlz0c,Kitchen utensil,/m/02mqfb,Can opener,/m/07v9_z,Measuring cup,0.41345587372779846
/m/03hlz0c,Kitchen utensil,/m/02mqfb,Can opener,/m/08ks85,Pizza cutter,0.4231484532356262
/m/03hlz0c,Kitchen utensil,/m/02mqfb,Can opener,/m/0cmx8,Spoon,0.36197012662887573
/m/03hlz0c,Kitchen utensil,/m/02mqfb,Can opener,/m/0dt3t,Fork,0.3278738558292389
/m/03hlz0c,Kitchen utensil,/m/02pdsw,Cutting board,/m/02vwcm,Whisk,0.46279481053352356
/m/03hlz0c,Kitchen utensil,/m/02pdsw,Cutting board,/m/03v5tg,Drinking straw,0.571045994758606
/m/03hlz0c,Kitchen utensil,/m/02pdsw,Cutting board,/m/04ctx,Knife,0.6022597551345825
/m/03hlz0c,Kitchen utensil,/m/02pdsw,Cutting board,/m/04f5ws,Bottle opener,0.5149754881858826
/m/03hlz0c,Kitchen utensil,/m/02pdsw,Cutting board,/m/07v9_z,Measuring cup,0.622795581817627
/m/03hlz0c,Kitchen utensil,/m/02pdsw,Cutting board,/m/08ks85,Pizza cutter,0.7128597497940063
/m/03hlz0c,Kitchen utensil,/m/02pdsw,Cutting board,/m/0cmx8,Spoon,0.5581264495849609
/m/03hlz0c,Kitchen utensil,/m/02pdsw,Cutting board,/m/0dt3t,Fork,0.5371288061141968
/m/03hlz0c,Kitchen utensil,/m/02vwcm,Whisk,/m/03v5tg,Drinking straw,0.5051395297050476
/m/03hlz0c,Kitchen utensil,/m/02vwcm,Whisk,/m/04ctx,Knife,0.5181710720062256
/m/03hlz0c,Kitchen utensil,/m/02vwcm,Whisk,/m/04f5ws,Bottle opener,0.4528830647468567
/m/03hlz0c,Kitchen utensil,/m/02vwcm,Whisk,/m/07v9_z,Measuring cup,0.4332340359687805
/m/03hlz0c,Kitchen utensil,/m/02vwcm,Whisk,/m/08ks85,Pizza cutter,0.38531339168548584
/m/03hlz0c,Kitchen utensil,/m/02vwcm,Whisk,/m/0cmx8,Spoon,0.518818736076355
/m/03hlz0c,Kitchen utensil,/m/02vwcm,Whisk,/m/0dt3t,Fork,0.5219354629516602
/m/03hlz0c,Kitchen utensil,/m/03v5tg,Drinking straw,/m/04ctx,Knife,0.48828089237213135
/m/03hlz0c,Kitchen utensil,/m/03v5tg,Drinking straw,/m/04f5ws,Bottle opener,0.5888152122497559
/m/03hlz0c,Kitchen utensil,/m/03v5tg,Drinking straw,/m/07v9_z,Measuring cup,0.6425439119338989
/m/03hlz0c,Kitchen utensil,/m/03v5tg,Drinking straw,/m/08ks85,Pizza cutter,0.46836212277412415
/m/03hlz0c,Kitchen utensil,/m/03v5tg,Drinking straw,/m/0cmx8,Spoon,0.5665377974510193
/m/03hlz0c,Kitchen utensil,/m/03v5tg,Drinking straw,/m/0dt3t,Fork,0.4547363817691803
/m/03hlz0c,Kitchen utensil,/m/04ctx,Knife,/m/04f5ws,Bottle opener,0.4477223753929138
/m/03hlz0c,Kitchen utensil,/m/04ctx,Knife,/m/07v9_z,Measuring cup,0.43411126732826233
/m/03hlz0c,Kitchen utensil,/m/04ctx,Knife,/m/08ks85,Pizza cutter,0.5298959016799927
/m/03hlz0c,Kitchen utensil,/m/04ctx,Knife,/m/0cmx8,Spoon,0.6315356492996216
/m/03hlz0c,Kitchen utensil,/m/04ctx,Knife,/m/0dt3t,Fork,0.5951507687568665
/m/03hlz0c,Kitchen utensil,/m/04f5ws,Bottle opener,/m/07v9_z,Measuring cup,0.5932033061981201
/m/03hlz0c,Kitchen utensil,/m/04f5ws,Bottle opener,/m/08ks85,Pizza cutter,0.4821409285068512
/m/03hlz0c,Kitchen utensil,/m/04f5ws,Bottle opener,/m/0cmx8,Spoon,0.4914284646511078
/m/03hlz0c,Kitchen utensil,/m/04f5ws,Bottle opener,/m/0dt3t,Fork,0.4051769971847534
/m/03hlz0c,Kitchen utensil,/m/07v9_z,Measuring cup,/m/08ks85,Pizza cutter,0.5933753252029419
/m/03hlz0c,Kitchen utensil,/m/07v9_z,Measuring cup,/m/0cmx8,Spoon,0.48998886346817017
/m/03hlz0c,Kitchen utensil,/m/07v9_z,Measuring cup,/m/0dt3t,Fork,0.43223536014556885
/m/03hlz0c,Kitchen utensil,/m/08ks85,Pizza cutter,/m/0cmx8,Spoon,0.44080230593681335
/m/03hlz0c,Kitchen utensil,/m/08ks85,Pizza cutter,/m/0dt3t,Fork,0.40605801343917847
/m/03hlz0c,Kitchen utensil,/m/0cmx8,Spoon,/m/0dt3t,Fork,0.536687970161438
/m/083kb,Weapon,/m/01g3x7,Bow and arrow,/m/020kz,Cannon,0.4690546989440918
/m/083kb,Weapon,/m/01g3x7,Bow and arrow,/m/02gzp,Dagger,0.5539462566375732
/m/083kb,Weapon,/m/01g3x7,Bow and arrow,/m/04ctx,Knife,0.5824260711669922
/m/083kb,Weapon,/m/01g3x7,Bow and arrow,/m/06c54,Rifle,0.5755538940429688
/m/083kb,Weapon,/m/01g3x7,Bow and arrow,/m/06nrc,Shotgun,0.4937369227409363
/m/083kb,Weapon,/m/01g3x7,Bow and arrow,/m/07cmd,Tank,0.4905034005641937
/m/083kb,Weapon,/m/01g3x7,Bow and arrow,/m/0c2jj,Axe,0.4663068354129791
/m/083kb,Weapon,/m/01g3x7,Bow and arrow,/m/0gxl3,Handgun,0.5596375465393066
/m/083kb,Weapon,/m/01g3x7,Bow and arrow,/m/06y5r,Sword,0.5909028053283691
/m/083kb,Weapon,/m/01g3x7,Bow and arrow,/m/04ylt,Missile,0.431152880191803
/m/083kb,Weapon,/m/01g3x7,Bow and arrow,/m/0ct4f,Bomb,0.45887327194213867
/m/083kb,Weapon,/m/020kz,Cannon,/m/02gzp,Dagger,0.5087904930114746
/m/083kb,Weapon,/m/020kz,Cannon,/m/04ctx,Knife,0.5442944169044495
/m/083kb,Weapon,/m/020kz,Cannon,/m/06c54,Rifle,0.5508286356925964
/m/083kb,Weapon,/m/020kz,Cannon,/m/06nrc,Shotgun,0.5467870831489563
/m/083kb,Weapon,/m/020kz,Cannon,/m/07cmd,Tank,0.5287590622901917
/m/083kb,Weapon,/m/020kz,Cannon,/m/0c2jj,Axe,0.4649747312068939
/m/083kb,Weapon,/m/020kz,Cannon,/m/0gxl3,Handgun,0.5725077390670776
/m/083kb,Weapon,/m/020kz,Cannon,/m/06y5r,Sword,0.47438931465148926
/m/083kb,Weapon,/m/020kz,Cannon,/m/04ylt,Missile,0.5365415811538696
/m/083kb,Weapon,/m/020kz,Cannon,/m/0ct4f,Bomb,0.5295127034187317
/m/083kb,Weapon,/m/02gzp,Dagger,/m/04ctx,Knife,0.6082232594490051
/m/083kb,Weapon,/m/02gzp,Dagger,/m/06c54,Rifle,0.5827805995941162
/m/083kb,Weapon,/m/02gzp,Dagger,/m/06nrc,Shotgun,0.6311997175216675
/m/083kb,Weapon,/m/02gzp,Dagger,/m/07cmd,Tank,0.5096716284751892
/m/083kb,Weapon,/m/02gzp,Dagger,/m/0c2jj,Axe,0.512691855430603
/m/083kb,Weapon,/m/02gzp,Dagger,/m/0gxl3,Handgun,0.667231559753418
/m/083kb,Weapon,/m/02gzp,Dagger,/m/06y5r,Sword,0.6193492412567139
/m/083kb,Weapon,/m/02gzp,Dagger,/m/04ylt,Missile,0.5382809638977051
/m/083kb,Weapon,/m/02gzp,Dagger,/m/0ct4f,Bomb,0.44016557931900024
/m/083kb,Weapon,/m/04ctx,Knife,/m/06c54,Rifle,0.7112797498703003
/m/083kb,Weapon,/m/04ctx,Knife,/m/06nrc,Shotgun,0.6027178764343262
/m/083kb,Weapon,/m/04ctx,Knife,/m/07cmd,Tank,0.5089032649993896
/m/083kb,Weapon,/m/04ctx,Knife,/m/0c2jj,Axe,0.5932436585426331
/m/083kb,Weapon,/m/04ctx,Knife,/m/0gxl3,Handgun,0.6224523782730103
/m/083kb,Weapon,/m/04ctx,Knife,/m/06y5r,Sword,0.687872052192688
/m/083kb,Weapon,/m/04ctx,Knife,/m/04ylt,Missile,0.5838335156440735
/m/083kb,Weapon,/m/04ctx,Knife,/m/0ct4f,Bomb,0.45850056409835815
/m/083kb,Weapon,/m/06c54,Rifle,/m/06nrc,Shotgun,0.7521101236343384
/m/083kb,Weapon,/m/06c54,Rifle,/m/07cmd,Tank,0.5913008451461792
/m/083kb,Weapon,/m/06c54,Rifle,/m/0c2jj,Axe,0.6086536645889282
/m/083kb,Weapon,/m/06c54,Rifle,/m/0gxl3,Handgun,0.727707028388977
/m/083kb,Weapon,/m/06c54,Rifle,/m/06y5r,Sword,0.6652723550796509
/m/083kb,Weapon,/m/06c54,Rifle,/m/04ylt,Missile,0.7568845152854919
/m/083kb,Weapon,/m/06c54,Rifle,/m/0ct4f,Bomb,0.5418683290481567
/m/083kb,Weapon,/m/06nrc,Shotgun,/m/07cmd,Tank,0.57148277759552
/m/083kb,Weapon,/m/06nrc,Shotgun,/m/0c2jj,Axe,0.5393476486206055
/m/083kb,Weapon,/m/06nrc,Shotgun,/m/0gxl3,Handgun,0.8213270902633667
/m/083kb,Weapon,/m/06nrc,Shotgun,/m/06y5r,Sword,0.6394281983375549
/m/083kb,Weapon,/m/06nrc,Shotgun,/m/04ylt,Missile,0.67472904920578
/m/083kb,Weapon,/m/06nrc,Shotgun,/m/0ct4f,Bomb,0.5480579137802124
/m/083kb,Weapon,/m/07cmd,Tank,/m/0c2jj,Axe,0.4856560528278351
/m/083kb,Weapon,/m/07cmd,Tank,/m/0gxl3,Handgun,0.5897826552391052
/m/083kb,Weapon,/m/07cmd,Tank,/m/06y5r,Sword,0.5263361930847168
/m/083kb,Weapon,/m/07cmd,Tank,/m/04ylt,Missile,0.5834638476371765
/m/083kb,Weapon,/m/07cmd,Tank,/m/0ct4f,Bomb,0.581813395023346
/m/083kb,Weapon,/m/0c2jj,Axe,/m/0gxl3,Handgun,0.5338490009307861
/m/083kb,Weapon,/m/0c2jj,Axe,/m/06y5r,Sword,0.5583310723304749
/m/083kb,Weapon,/m/0c2jj,Axe,/m/04ylt,Missile,0.5746724605560303
/m/083kb,Weapon,/m/0c2jj,Axe,/m/0ct4f,Bomb,0.5159803628921509
/m/083kb,Weapon,/m/0gxl3,Handgun,/m/06y5r,Sword,0.6353210210800171
/m/083kb,Weapon,/m/0gxl3,Handgun,/m/04ylt,Missile,0.6226028203964233
/m/083kb,Weapon,/m/0gxl3,Handgun,/m/0ct4f,Bomb,0.49977409839630127
/m/083kb,Weapon,/m/06y5r,Sword,/m/04ylt,Missile,0.5903933048248291
/m/083kb,Weapon,/m/06y5r,Sword,/m/0ct4f,Bomb,0.49678152799606323
/m/083kb,Weapon,/m/04ylt,Missile,/m/0ct4f,Bomb,0.6348702907562256
/m/07cx4,Telephone,/m/050k8,Mobile phone,/m/0h8lkj8,Corded phone,0.7667375802993774
/m/0271t,Drink,/m/01599,Beer,/m/024g6,Cocktail,0.5695114135742188
/m/0271t,Drink,/m/01599,Beer,/m/02vqfm,Coffee (drink),0.493243008852005
/m/0271t,Drink,/m/01599,Beer,/m/01z1kdw,Juice,0.5081685185432434
/m/0271t,Drink,/m/01599,Beer,/m/07clx,Tea,0.6382129788398743
/m/0271t,Drink,/m/01599,Beer,/m/081qc,Wine,0.6074084043502808
/m/0271t,Drink,/m/024g6,Cocktail,/m/02vqfm,Coffee (drink),0.5481834411621094
/m/0271t,Drink,/m/024g6,Cocktail,/m/01z1kdw,Juice,0.5595161318778992
/m/0271t,Drink,/m/024g6,Cocktail,/m/07clx,Tea,0.6311156749725342
/m/0271t,Drink,/m/024g6,Cocktail,/m/081qc,Wine,0.5682305693626404
/m/0271t,Drink,/m/02vqfm,Coffee (drink),/m/01z1kdw,Juice,0.46232348680496216
/m/0271t,Drink,/m/02vqfm,Coffee (drink),/m/07clx,Tea,0.6327514052391052
/m/0271t,Drink,/m/02vqfm,Coffee (drink),/m/081qc,Wine,0.47354838252067566
/m/0271t,Drink,/m/01z1kdw,Juice,/m/07clx,Tea,0.5337355136871338
/m/0271t,Drink,/m/01z1kdw,Juice,/m/081qc,Wine,0.5339383482933044
/m/0271t,Drink,/m/07clx,Tea,/m/081qc,Wine,0.5992697477340698
/m/02p0tk3,Human body,/m/014sv8,Human eye,/m/016m2d,Skull,0.5409649610519409
/m/02p0tk3,Human body,/m/014sv8,Human eye,/m/04hgtk,Human head,0.8124302625656128
/m/02p0tk3,Human body,/m/014sv8,Human eye,/m/0dzct,Human face,0.8611117601394653
/m/02p0tk3,Human body,/m/014sv8,Human eye,/m/0283dt1,Human mouth,0.7870151400566101
/m/02p0tk3,Human body,/m/014sv8,Human eye,/m/039xj_,Human ear,0.7957192063331604
/m/02p0tk3,Human body,/m/014sv8,Human eye,/m/0k0pj,Human nose,0.7811868786811829
/m/02p0tk3,Human body,/m/014sv8,Human eye,/m/03q69,Human hair,0.7618584036827087
/m/02p0tk3,Human body,/m/014sv8,Human eye,/m/0k65p,Human hand,0.7937972545623779
/m/02p0tk3,Human body,/m/014sv8,Human eye,/m/031n1,Human foot,0.7789903283119202
/m/02p0tk3,Human body,/m/014sv8,Human eye,/m/0dzf4,Human arm,0.7387521266937256
/m/02p0tk3,Human body,/m/014sv8,Human eye,/m/035r7c,Human leg,0.7645174264907837
/m/02p0tk3,Human body,/m/014sv8,Human eye,/m/015h_t,Beard,0.5428915023803711
/m/02p0tk3,Human body,/m/016m2d,Skull,/m/04hgtk,Human head,0.5749512910842896
/m/02p0tk3,Human body,/m/016m2d,Skull,/m/0dzct,Human face,0.5607813000679016
/m/02p0tk3,Human body,/m/016m2d,Skull,/m/0283dt1,Human mouth,0.5387115478515625
/m/02p0tk3,Human body,/m/016m2d,Skull,/m/039xj_,Human ear,0.501978874206543
/m/02p0tk3,Human body,/m/016m2d,Skull,/m/0k0pj,Human nose,0.5022667646408081
/m/02p0tk3,Human body,/m/016m2d,Skull,/m/03q69,Human hair,0.5606858730316162
/m/02p0tk3,Human body,/m/016m2d,Skull,/m/0k65p,Human hand,0.5467846393585205
/m/02p0tk3,Human body,/m/016m2d,Skull,/m/031n1,Human foot,0.5060832500457764
/m/02p0tk3,Human body,/m/016m2d,Skull,/m/0dzf4,Human arm,0.5131504535675049
/m/02p0tk3,Human body,/m/016m2d,Skull,/m/035r7c,Human leg,0.5084773302078247
/m/02p0tk3,Human body,/m/016m2d,Skull,/m/015h_t,Beard,0.5608176589012146
/m/02p0tk3,Human body,/m/04hgtk,Human head,/m/0dzct,Human face,0.8528878688812256
/m/02p0tk3,Human body,/m/04hgtk,Human head,/m/0283dt1,Human mouth,0.7574466466903687
/m/02p0tk3,Human body,/m/04hgtk,Human head,/m/039xj_,Human ear,0.7782652378082275
/m/02p0tk3,Human body,/m/04hgtk,Human head,/m/0k0pj,Human nose,0.7533313035964966
/m/02p0tk3,Human body,/m/04hgtk,Human head,/m/03q69,Human hair,0.811574399471283
/m/02p0tk3,Human body,/m/04hgtk,Human head,/m/0k65p,Human hand,0.8002158403396606
/m/02p0tk3,Human body,/m/04hgtk,Human head,/m/031n1,Human foot,0.7503945231437683
/m/02p0tk3,Human body,/m/04hgtk,Human head,/m/0dzf4,Human arm,0.7285709977149963
/m/02p0tk3,Human body,/m/04hgtk,Human head,/m/035r7c,Human leg,0.7642632722854614
/m/02p0tk3,Human body,/m/04hgtk,Human head,/m/015h_t,Beard,0.5750671625137329
/m/02p0tk3,Human body,/m/0dzct,Human face,/m/0283dt1,Human mouth,0.7796488404273987
/m/02p0tk3,Human body,/m/0dzct,Human face,/m/039xj_,Human ear,0.7356072664260864
/m/02p0tk3,Human body,/m/0dzct,Human face,/m/0k0pj,Human nose,0.7666444182395935
/m/02p0tk3,Human body,/m/0dzct,Human face,/m/03q69,Human hair,0.7897839546203613
/m/02p0tk3,Human body,/m/0dzct,Human face,/m/0k65p,Human hand,0.8269267082214355
/m/02p0tk3,Human body,/m/0dzct,Human face,/m/031n1,Human foot,0.7702865600585938
/m/02p0tk3,Human body,/m/0dzct,Human face,/m/0dzf4,Human arm,0.7309244275093079
/m/02p0tk3,Human body,/m/0dzct,Human face,/m/035r7c,Human leg,0.7534704208374023
/m/02p0tk3,Human body,/m/0dzct,Human face,/m/015h_t,Beard,0.5470024347305298
/m/02p0tk3,Human body,/m/0283dt1,Human mouth,/m/039xj_,Human ear,0.7874248027801514
/m/02p0tk3,Human body,/m/0283dt1,Human mouth,/m/0k0pj,Human nose,0.8081644773483276
/m/02p0tk3,Human body,/m/0283dt1,Human mouth,/m/03q69,Human hair,0.7121051549911499
/m/02p0tk3,Human body,/m/0283dt1,Human mouth,/m/0k65p,Human hand,0.7721960544586182
/m/02p0tk3,Human body,/m/0283dt1,Human mouth,/m/031n1,Human foot,0.7092704772949219
/m/02p0tk3,Human body,/m/0283dt1,Human mouth,/m/0dzf4,Human arm,0.7119532227516174
/m/02p0tk3,Human body,/m/0283dt1,Human mouth,/m/035r7c,Human leg,0.6936787366867065
/m/02p0tk3,Human body,/m/0283dt1,Human mouth,/m/015h_t,Beard,0.5230242013931274
/m/02p0tk3,Human body,/m/039xj_,Human ear,/m/0k0pj,Human nose,0.7890058755874634
/m/02p0tk3,Human body,/m/039xj_,Human ear,/m/03q69,Human hair,0.7360121011734009
/m/02p0tk3,Human body,/m/039xj_,Human ear,/m/0k65p,Human hand,0.7466323375701904
/m/02p0tk3,Human body,/m/039xj_,Human ear,/m/031n1,Human foot,0.7107319831848145
/m/02p0tk3,Human body,/m/039xj_,Human ear,/m/0dzf4,Human arm,0.7171028852462769
/m/02p0tk3,Human body,/m/039xj_,Human ear,/m/035r7c,Human leg,0.7118664979934692
/m/02p0tk3,Human body,/m/039xj_,Human ear,/m/015h_t,Beard,0.5345308780670166
/m/02p0tk3,Human body,/m/0k0pj,Human nose,/m/03q69,Human hair,0.7300219535827637
/m/02p0tk3,Human body,/m/0k0pj,Human nose,/m/0k65p,Human hand,0.7111104726791382
/m/02p0tk3,Human body,/m/0k0pj,Human nose,/m/031n1,Human foot,0.6853959560394287
/m/02p0tk3,Human body,/m/0k0pj,Human nose,/m/0dzf4,Human arm,0.6676014065742493
/m/02p0tk3,Human body,/m/0k0pj,Human nose,/m/035r7c,Human leg,0.6975125074386597
/m/02p0tk3,Human body,/m/0k0pj,Human nose,/m/015h_t,Beard,0.5272274017333984
/m/02p0tk3,Human body,/m/03q69,Human hair,/m/0k65p,Human hand,0.7516940236091614
/m/02p0tk3,Human body,/m/03q69,Human hair,/m/031n1,Human foot,0.7248585224151611
/m/02p0tk3,Human body,/m/03q69,Human hair,/m/0dzf4,Human arm,0.7016017436981201
/m/02p0tk3,Human body,/m/03q69,Human hair,/m/035r7c,Human leg,0.7221485376358032
/m/02p0tk3,Human body,/m/03q69,Human hair,/m/015h_t,Beard,0.649014949798584
/m/02p0tk3,Human body,/m/0k65p,Human hand,/m/031n1,Human foot,0.8210285902023315
/m/02p0tk3,Human body,/m/0k65p,Human hand,/m/0dzf4,Human arm,0.8564349412918091
/m/02p0tk3,Human body,/m/0k65p,Human hand,/m/035r7c,Human leg,0.7954400777816772
/m/02p0tk3,Human body,/m/0k65p,Human hand,/m/015h_t,Beard,0.5150928497314453
/m/02p0tk3,Human body,/m/031n1,Human foot,/m/0dzf4,Human arm,0.7202935218811035
/m/02p0tk3,Human body,/m/031n1,Human foot,/m/035r7c,Human leg,0.8986093997955322
/m/02p0tk3,Human body,/m/031n1,Human foot,/m/015h_t,Beard,0.4917088747024536
/m/02p0tk3,Human body,/m/0dzf4,Human arm,/m/035r7c,Human leg,0.7704825401306152
/m/02p0tk3,Human body,/m/0dzf4,Human arm,/m/015h_t,Beard,0.49147462844848633
/m/02p0tk3,Human body,/m/035r7c,Human leg,/m/015h_t,Beard,0.5156337022781372
/m/08dz3q,Auto part,/m/01jfm_,Vehicle registration plate,/m/083wq,Wheel,0.5168262124061584
/m/08dz3q,Auto part,/m/01jfm_,Vehicle registration plate,/m/0dkzw,Seat belt,0.5874675512313843
/m/08dz3q,Auto part,/m/01jfm_,Vehicle registration plate,/m/0h9mv,Tire,0.46778416633605957
/m/08dz3q,Auto part,/m/083wq,Wheel,/m/0dkzw,Seat belt,0.6035001873970032
/m/08dz3q,Auto part,/m/083wq,Wheel,/m/0h9mv,Tire,0.6248040199279785
/m/08dz3q,Auto part,/m/0dkzw,Seat belt,/m/0h9mv,Tire,0.582380473613739
