LabelName,DisplayName,Top1Name,Top1Cosine,Top2Name,Top2Cosine,Top3Name,Top3Cosine,Top4Name,Top4Cosine,Top5Name,Top5Cosine
/m/0242l,Coin,Cookie,0.6144150495529175,Cookie,0.6144150495529175,Cookie,0.6144150495529175,Rifle,0.6099564433097839,Rifle,0.6099564433097839
/m/03120,Flag,Eagle,0.5778165459632874,Candle,0.5746254324913025,Lamp,0.5716723203659058,Billboard,0.5692166686058044,Pig,0.5647486448287964
/m/0h8l4fh,Light bulb,Light switch,0.7799646854400635,Light switch,0.7799646854400635,Street light,0.7429167628288269,Traffic light,0.7190295457839966,Lamp,0.715144157409668
/m/0167gd,Doll,Girl,0.6655110120773315,Dog,0.64084392786026,Dress,0.6024502515792847,Duck,0.6000397205352783,Woman,0.5990229249000549
/m/01j51,Balloon,Bomb,0.6650712490081787,Bomb,0.6650712490081787,Bottle,0.6400188207626343,Bottle,0.6400188207626343,Bottle,0.6400188207626343
/m/029b3,Dice,Tick,0.5958365797996521,Necklace,0.5938012003898621,Cake,0.5683468580245972,Juice,0.5619990229606628,Chime,0.5559453368186951
/m/02wmf,Flying disc,Flying disc,1.000000238418579,Flying disc,1.000000238418579,Rays and skates,0.5947551131248474,Roller skates,0.5939520001411438,Roller skates,0.5939520001411438
/m/02zt3,Kite,Kettle,0.6206172704696655,Chime,0.6045970916748047,Chime,0.6045970916748047,Cat,0.5841482877731323,Skateboard,0.5777489542961121
/m/0kmg4,Teddy bear,Teddy bear,1.0,Brown bear,0.6796544194221497,Polar bear,0.6793117523193359,Dog bed,0.5900181531906128,Dog,0.5887008905410767
/m/0174k2,Washing machine,Sewing machine,0.8303818106651306,Dishwasher,0.7974499464035034,Dishwasher,0.7974499464035034,Hand dryer,0.7565157413482666,Hair dryer,0.7484985589981079
/m/01k6s3,Toaster,Lobster,0.6940268278121948,Lobster,0.6940268278121948,Lobster,0.6940268278121948,Heater,0.6446993350982666,Oven,0.6427470445632935
/m/029bxz,Oven,Oven,1.0000001192092896,Microwave oven,0.7264290452003479,Microwave oven,0.7264290452003479,Frying pan,0.6770138740539551,Heater,0.6629840731620789
/m/02pjr4,Blender,Blender,1.0,Grinder,0.7413555383682251,Grinder,0.7413555383682251,Mixer,0.6959434747695923,Mixer,0.6959434747695923
/m/02wv84t,Gas stove,Wood-burning stove,0.7903971672058105,Microwave oven,0.6219406723976135,Microwave oven,0.6219406127929688,Oven,0.6134059429168701,Oven,0.6134059429168701
/m/02x984l,Mechanical fan,Ceiling fan,0.7712600827217102,Frying pan,0.6087930798530579,Washing machine,0.6021562218666077,Sewing machine,0.583342969417572,Heater,0.5767195224761963
/m/03qhv5,Heater,Mixer,0.7002164721488953,Mixer,0.7002164721488953,Refrigerator,0.6893760561943054,Refrigerator,0.6893760561943054,Beaker,0.6768456101417542
/m/03s_tn,Kettle,Heater,0.6554902791976929,Candle,0.6374917030334473,Cart,0.6241434812545776,Kitchen knife,0.6213278770446777,Kite,0.6206172704696655
/m/03wvsk,Hair dryer,Hand dryer,0.8417825102806091,Washing machine,0.7484985589981079,Hair spray,0.7184826135635376,Dishwasher,0.7099786400794983,Dishwasher,0.7099786400794983
/m/040b_t,Refrigerator,Refrigerator,1.0,Heater,0.6893760561943054,Dishwasher,0.648942232131958,Dishwasher,0.648942232131958,Oven,0.6438824534416199
/m/04169hn,Wood-burning stove,Gas stove,0.7903971672058105,Frying pan,0.6596057415008545,Fireplace,0.651494026184082,Oven,0.6505424380302429,Oven,0.6505424380302429
/m/04lvq_,Humidifier,Heater,0.6361083388328552,Hair dryer,0.6208719611167908,Fire hydrant,0.6005205512046814,Hand dryer,0.5929816961288452,Mixer,0.5800803303718567
/m/063rgb,Mixer,Mixer,1.0000001192092896,Mixing bowl,0.7681723833084106,Grinder,0.7473479509353638,Grinder,0.7473479509353638,Heater,0.7002164721488953
/m/07xyvk,Coffeemaker,Coffeemaker,1.000000238418579,Coffee cup,0.735859751701355,Coffee table,0.6949459910392761,Coffee (drink),0.6324852705001831,Tea,0.628654956817627
/m/0fx9l,Microwave oven,Microwave oven,0.9999998807907104,Oven,0.7264290452003479,Oven,0.7264290452003479,Washing machine,0.6492642760276794,Gas stove,0.6219406127929688
/m/0ky7b,Dishwasher,Dishwasher,0.9999998211860657,Washing machine,0.7974499464035034,Hair dryer,0.7099786400794983,Hand dryer,0.7030864357948303,Sewing machine,0.6559877395629883
/m/0llzx,Sewing machine,Washing machine,0.8303818106651306,Hand dryer,0.6996200084686279,Hair dryer,0.6911147236824036,Printer,0.6610127091407776,Printer,0.6610127091407776
/m/0c3m8g,Hand dryer,Hair dryer,0.8417825102806091,Washing machine,0.7565157413482666,Human hand,0.7373823523521423,Human hand,0.7373823523521423,Human hand,0.7373823523521423
/m/03ldnb,Ceiling fan,Mechanical fan,0.7712600827217102,Wall clock,0.6166501641273499,Wall clock,0.6166501641273499,Sewing machine,0.6071323752403259,Frying pan,0.602659285068512
/m/0130jx,Sink,Shark,0.6522372364997864,Tick,0.6251165866851807,Skunk,0.6235275864601135,Swimwear,0.5882419347763062,Sock,0.5848455429077148
/m/01vbnl,Bidet,Bathtub,0.6913276314735413,Toilet,0.6893998384475708,Rabbit,0.6320254802703857,Bathroom cabinet,0.6291682720184326,Swimming pool,0.6244663000106812
/m/02f9f_,Shower,Swimming pool,0.6558938026428223,Fountain,0.6426908373832703,Bathtub,0.6390392184257507,Window,0.6271131038665771,Mixer,0.6268988847732544
/m/02jz0l,Tap,Tick,0.6539865732192993,Tie,0.6429343223571777,Tea,0.6332204937934875,Tire,0.6113118529319763,Tire,0.6113118529319763
/m/03dnzn,Bathtub,Bathroom cabinet,0.7253381609916687,Swimming pool,0.7104125022888184,Toilet,0.7023617029190063,Bidet,0.6913276314735413,Swimwear,0.6630454659461975
/m/09g1w,Toilet,Toilet paper,0.819168746471405,Toilet paper,0.8191686868667603,Bathtub,0.7023617029190063,Bidet,0.6893998384475708,Swimming pool,0.6621686816215515
/m/01lsmm,Scissors,Scissors,0.9999999403953552,Scissors,0.9999999403953552,Screwdriver,0.672731876373291,Screwdriver,0.672731876373291,Eraser,0.6692306399345398
/m/01n5jq,Poster,Printer,0.645067036151886,Printer,0.645067036151886,Mixer,0.6123605966567993,Mixer,0.6123605966567993,Billboard,0.6115939021110535
/m/024d2,Calculator,Printer,0.6526412963867188,Printer,0.6526412963867188,Cart,0.6252503395080566,Mixer,0.6185206174850464,Mixer,0.6185206174850464
/m/025dyy,Box,Cookie,0.6241111755371094,Cookie,0.6241111755371094,Cookie,0.6241111755371094,Backpack,0.6238080859184265,Barrel,0.6122142672538757
/m/025fsf,Stapler,Stretcher,0.6326170563697815,Stretcher,0.6326170563697815,Stairs,0.5987403988838196,Drawer,0.5606315732002258,Caterpillar,0.5476099848747253
/m/02d9qx,Whiteboard,Cupboard,0.7829262614250183,Scoreboard,0.7032901048660278,Scoreboard,0.7032901048660278,Snowboard,0.691659688949585,Snowboard,0.691659688949585
/m/02ddwp,Pencil sharpener,Pencil case,0.6902114152908325,Paper cutter,0.6252791881561279,Kitchen knife,0.6195676922798157,Printer,0.6188254356384277,Printer,0.6188254356384277
/m/02fh7f,Eraser,Scissors,0.6692306399345398,Scissors,0.6692306399345398,Scissors,0.6692306399345398,Blender,0.6492627263069153,Blender,0.6492627263069153
/m/02xqq,Fax,Fox,0.70151686668396,Printer,0.6113101243972778,Printer,0.6113101243972778,Axe,0.603405237197876,Axe,0.603405237197876
/m/03m3vtv,Adhesive tape,Toilet paper,0.6272793412208557,Toilet paper,0.6272792816162109,Tire,0.6113943457603455,Tire,0.6113943457603455,Tap,0.5935090184211731
/m/04zwwv,Ring binder,Earring,0.6320871710777283,Seat belt,0.6072283983230591,Seat belt,0.6072283983230591,Necklace,0.6002950072288513,Band-aid,0.600143551826477
/m/05676x,Pencil case,Pencil sharpener,0.6902114152908325,Pen,0.6585997939109802,Bookcase,0.6340668797492981,Wine glass,0.5854098200798035,Kitchen knife,0.5844117999076843
/m/05gqfk,Plastic bag,Handbag,0.7172475457191467,Handbag,0.7172475457191467,Punching bag,0.6731017231941223,Punching bag,0.6731017231941223,Picnic basket,0.652874231338501
/m/080n7g,Paper cutter,Cutting board,0.7997254729270935,Cutting board,0.7997254729270935,Cutting board,0.7997254133224487,Pizza cutter,0.7996038198471069,Pizza cutter,0.7996038198471069
/m/09gtd,Toilet paper,Toilet paper,1.0,Paper towel,0.8203950524330139,Toilet,0.8191686868667603,Paper cutter,0.6948226690292358,Towel,0.656453013420105
/m/0frqm,Envelope,Antelope,0.692267656326294,Shelf,0.6273750066757202,Necklace,0.6266188621520996,Vase,0.6218520998954773,Countertop,0.6188364624977112
/m/0k1tl,Pen,Pencil case,0.6585997939109802,Spatula,0.6152012348175049,Spatula,0.6152012348175049,Spatula,0.6152012348175049,Cello,0.6124628186225891
/m/02w3r3,Paper towel,Towel,0.8845781683921814,Toilet paper,0.8203950524330139,Toilet paper,0.8203949332237244,Paper cutter,0.6762295365333557,Toilet,0.6380089521408081
/m/034c16,Pillow,Chair,0.5897574424743652,Suit,0.5846462249755859,Stool,0.5844261646270752,Pineapple,0.5844128727912903,Snowplow,0.5746238827705383
/m/01_5g,Chopsticks,Chopsticks,1.0000001192092896,Chopsticks,1.0000001192092896,Chopsticks,1.0000001192092896,Lipstick,0.6621546745300293,Shorts,0.6182794570922852
/m/027rl48,Ladle,Ladle,1.0,Ladle,1.0,Ladder,0.6783024668693542,Ladder,0.6783024668693542,Paddle,0.6248573064804077
/m/02d1br,Spatula,Spatula,0.9999998807907104,Spatula,0.9999998807907104,Stool,0.6733149886131287,Shotgun,0.6661702394485474,Shotgun,0.6661702394485474
/m/02mqfb,Can opener,Can opener,1.000000238418579,Can opener,1.000000238418579,Bottle opener,0.6559803485870361,Bottle opener,0.6559803485870361,Bottle opener,0.6559803485870361
/m/02pdsw,Cutting board,Cutting board,1.0000001192092896,Cutting board,1.0000001192092896,Paper cutter,0.7997254729270935,Pizza cutter,0.7128598093986511,Pizza cutter,0.7128598093986511
/m/02vwcm,Whisk,Whisk,1.000000238418579,Whisk,1.000000238418579,Wok,0.6854519844055176,Whale,0.6253336071968079,Wrench,0.592965841293335
/m/03v5tg,Drinking straw,Drinking straw,1.0000001192092896,Drinking straw,0.9999998807907104,Serving tray,0.6880654692649841,Human mouth,0.6744654774665833,Human mouth,0.6744654774665833
/m/04ctx,Knife,Knife,0.9999999403953552,Knife,0.9999999403953552,Knife,0.9999999403953552,Knife,0.9999999403953552,Kitchen knife,0.7423321604728699
/m/04f5ws,Bottle opener,Bottle opener,0.9999998211860657,Bottle opener,0.9999997615814209,Bottle,0.757552981376648,Bottle,0.757552981376648,Bottle,0.757552981376648
/m/07v9_z,Measuring cup,Measuring cup,0.9999998211860657,Measuring cup,0.9999997615814209,Coffee cup,0.764664888381958,Drinking straw,0.6425439715385437,Drinking straw,0.6425439715385437
/m/08ks85,Pizza cutter,Pizza cutter,1.000000238418579,Pizza cutter,1.000000238418579,Paper cutter,0.7996038198471069,Pizza,0.7281168103218079,Cutting board,0.7128598093986511
/m/0cmx8,Spoon,Spoon,1.0000001192092896,Spoon,1.0000001192092896,Spoon,1.0000001192092896,Spatula,0.6586855053901672,Spatula,0.6586855053901672
/m/0dt3t,Fork,Fork,0.9999999403953552,Fork,0.9999999403953552,Fork,0.9999999403953552,Shark,0.6513156890869141,Sock,0.628115713596344
/m/01_5g,Chopsticks,Chopsticks,1.0000001192092896,Chopsticks,1.0000001192092896,Chopsticks,1.0000001192092896,Lipstick,0.6621546745300293,Shorts,0.6182794570922852
/m/01fh4r,Teapot,Flowerpot,0.7721988558769226,Flowerpot,0.7721988558769226,Tea,0.7008139491081238,Coffee cup,0.6099929809570312,Countertop,0.5959745645523071
/m/02jvh9,Mug,Mule,0.6293841004371643,Monkey,0.625942051410675,Handbag,0.6007813215255737,Handbag,0.6007813215255737,Jug,0.6004540920257568
/m/02p5f1q,Coffee cup,Coffee table,0.8484094738960266,Measuring cup,0.764664888381958,Measuring cup,0.764664888381958,Measuring cup,0.7646648287773132,Coffee (drink),0.7624219655990601
/m/02x8cch,Salt and pepper shakers,Cooking spray,0.6638702154159546,Cocktail shaker,0.634888231754303,Mixer,0.6249679923057556,Mixer,0.6249679923057556,Spice rack,0.6200871467590332
/m/03hj559,Mixing bowl,Mixer,0.7681723833084106,Mixer,0.7681723833084106,Bowl,0.7159383296966553,Bowling equipment,0.6984936594963074,Bowling equipment,0.6984936594963074
/m/03q5c7,Saucer,Cucumber,0.6413499712944031,Hamburger,0.6355019211769104,Salad,0.6040101647377014,Juice,0.5969359874725342,Heater,0.591568648815155
/m/0440zs,Cocktail shaker,Cocktail,0.7877891063690186,Mixer,0.6401736736297607,Mixer,0.6401736736297607,Salt and pepper shakers,0.634888231754303,Pressure cooker,0.6345369219779968
/m/04dr76w,Bottle,Bottle,1.0,Bottle,1.0,Bottle opener,0.7575531005859375,Bottle opener,0.757552981376648,Bottle opener,0.757552981376648
/m/04kkgm,Bowl,Mixing bowl,0.7159383296966553,Bowling equipment,0.7066302299499512,Bowling equipment,0.7066302299499512,Cricket ball,0.6112463474273682,Cricket ball,0.6112463474273682
/m/050gv4,Plate,Platter,0.7597761750221252,Chair,0.6416288018226624,Coffee table,0.6379003524780273,Cupboard,0.6346113085746765,Desk,0.626134991645813
/m/054fyh,Pitcher (Container),Waste container,0.585717499256134,Waste container,0.585717499256134,Mixer,0.5835134387016296,Mixer,0.5835134387016296,Grinder,0.559076189994812
/m/058qzx,Kitchen knife,Knife,0.7423321604728699,Knife,0.7423321604728699,Knife,0.7423321604728699,Knife,0.7423321604728699,Knife,0.7423321604728699
/m/08hvt4,Jug,Jug,1.0,Jug,1.0,Juice,0.6809919476509094,Mug,0.6004540920257568,Frog,0.5692827105522156
/m/099ssp,Platter,Plate,0.7597761750221252,Heater,0.6085900068283081,Grinder,0.5836241245269775,Grinder,0.5836241245269775,Printer,0.5818026065826416
/m/09tvcd,Wine glass,Wine,0.7967424988746643,Wine rack,0.788843035697937,Glasses,0.7086915373802185,Glasses,0.7086915373802185,Bottle opener,0.6822801232337952
/m/0cmx8,Spoon,Spoon,1.0000001192092896,Spoon,1.0000001192092896,Spoon,1.0000001192092896,Spatula,0.6586855053901672,Spatula,0.6586855053901672
/m/0dt3t,Fork,Fork,0.9999999403953552,Fork,0.9999999403953552,Fork,0.9999999403953552,Shark,0.6513156890869141,Sock,0.628115713596344
/m/0h8n27j,Serving tray,Drinking straw,0.6880655288696289,Drinking straw,0.6880654692649841,Drinking straw,0.6880654692649841,Coffee table,0.6685855984687805,Frying pan,0.6668503880500793
/m/0h8n6ft,Cake stand,Cake,0.7144428491592407,Serving tray,0.6275085210800171,Coffee cup,0.6180101037025452,Coffee table,0.6135052442550659,Spice rack,0.5916610360145569
/m/04v6l4,Frying pan,Cooking spray,0.7029000520706177,Food processor,0.6849547624588013,Oven,0.6770138740539551,Oven,0.6770138740539551,Serving tray,0.6668503880500793
/m/084rd,Wok,Whisk,0.6854519844055176,Whisk,0.6854519844055176,Whisk,0.6854519844055176,Oven,0.6474196314811707,Oven,0.6474196314811707
/m/0h8kx63,Spice rack,Wine rack,0.7293455004692078,Salt and pepper shakers,0.6200871467590332,Cooking spray,0.5997849106788635,Serving tray,0.5992674827575684,Cake stand,0.5916610360145569
/m/029bxz,Oven,Oven,1.0000001192092896,Microwave oven,0.7264290452003479,Microwave oven,0.7264290452003479,Frying pan,0.6770138740539551,Heater,0.6629840731620789
/m/02pjr4,Blender,Blender,1.0,Grinder,0.7413555383682251,Grinder,0.7413555383682251,Mixer,0.6959434747695923,Mixer,0.6959434747695923
/m/02tsc9,Slow cooker,Pressure cooker,0.6988397240638733,Food processor,0.6872106194496155,Wood-burning stove,0.63957679271698,Mixer,0.6326152682304382,Mixer,0.6326152682304382
/m/03y6mg,Food processor,Slow cooker,0.6872106194496155,Frying pan,0.6849547624588013,Pressure cooker,0.6533082723617554,Hair dryer,0.6506174802780151,Pizza cutter,0.6484054923057556
/m/040b_t,Refrigerator,Refrigerator,1.0,Heater,0.6893760561943054,Dishwasher,0.648942232131958,Dishwasher,0.648942232131958,Oven,0.6438824534416199
/m/04z4wx,Waffle iron,Waffle,0.8160328269004822,Washing machine,0.5583434104919434,Frying pan,0.5478398203849792,Coffee cup,0.5446914434432983,Whisk,0.5312375426292419
/m/063rgb,Mixer,Mixer,1.0000001192092896,Mixing bowl,0.7681723833084106,Grinder,0.7473479509353638,Grinder,0.7473479509353638,Heater,0.7002164721488953
/m/07xyvk,Coffeemaker,Coffeemaker,1.000000238418579,Coffee cup,0.735859751701355,Coffee table,0.6949459910392761,Coffee (drink),0.6324852705001831,Tea,0.628654956817627
/m/0fx9l,Microwave oven,Microwave oven,0.9999998807907104,Oven,0.7264290452003479,Oven,0.7264290452003479,Washing machine,0.6492642164230347,Gas stove,0.6219406723976135
/m/0h8ntjv,Pressure cooker,Slow cooker,0.6988397240638733,Food processor,0.6533082723617554,Mixer,0.6499342918395996,Mixer,0.6499342918395996,Cooking spray,0.6497579216957092
/m/0ky7b,Dishwasher,Dishwasher,0.9999998211860657,Washing machine,0.7974499464035034,Hair dryer,0.7099786400794983,Hand dryer,0.7030864357948303,Sewing machine,0.6559877395629883
/m/03tw93,Fireplace,Wood-burning stove,0.651494026184082,Heater,0.6455919146537781,Fire hydrant,0.6364689469337463,Oven,0.6363438963890076,Oven,0.6363438963890076
/m/0b3fp9,Countertop,Coffee table,0.6693757176399231,Cupboard,0.667305588722229,Bench,0.6349910497665405,Desk,0.6330578327178955,Plate,0.6247195601463318
/m/0bt_c3,Book,Bookcase,0.6823158860206604,Window,0.6145827174186707,Rifle,0.6113787889480591,Rifle,0.6113787889480591,Television,0.6091393828392029
/m/01mzpv,Chair,Bench,0.7444857954978943,Wheelchair,0.7407621145248413,Wheelchair,0.7407621145248413,Stool,0.7312625646591187,Coffee table,0.6763344407081604
/m/01s105,Cabinetry,Bathroom cabinet,0.6898487210273743,Filing cabinet,0.6700767278671265,Bench,0.6006971597671509,Office building,0.5939592719078064,Cart,0.5919338464736938
/m/01y9k5,Desk,Deer,0.645308256149292,Stool,0.6448283195495605,Bench,0.6411677598953247,Countertop,0.6330578327178955,Plate,0.626134991645813
/m/0271qf7,Wine rack,Wine glass,0.788843035697937,Wine,0.7466051578521729,Spice rack,0.7293455004692078,Serving tray,0.6258694529533386,Picnic basket,0.6048204302787781
/m/03m3pdh,Sofa bed,Dog bed,0.7012599110603333,Infant bed,0.6833394765853882,Studio couch,0.6539697051048279,Coffee table,0.631003737449646,Chair,0.6106669306755066
/m/0703r8,Loveseat,Closet,0.5921471118927002,Chair,0.577155590057373,Suitcase,0.5728257894515991,Suit,0.5676283240318298,Seat belt,0.564384400844574
/m/02vkqh8,Wardrobe,Dress,0.7471886277198792,Closet,0.7308173775672913,Suit,0.6795567274093628,Washing machine,0.6626730561256409,Swimwear,0.6614710092544556
/m/02z51p,Nightstand,Stool,0.6097187399864197,Dog bed,0.5742331147193909,Bathtub,0.5742080807685852,Cake stand,0.5728161334991455,Wardrobe,0.5694712996482849
/m/03__z0,Bookcase,Suitcase,0.7961326837539673,Briefcase,0.710411012172699,Book,0.6823158860206604,Pencil case,0.6340668797492981,Backpack,0.6308611035346985
/m/061hd_,Infant bed,Dog bed,0.7225188612937927,Sofa bed,0.6833394765853882,Bathroom cabinet,0.5754079818725586,Oven,0.5641078948974609,Oven,0.5641078948974609
/m/026qbn5,Studio couch,Sofa bed,0.6539697051048279,Training bench,0.6508947610855103,Training bench,0.6508947014808655,Bench,0.6393529772758484,Chair,0.5901452302932739
/m/047j0r,Filing cabinet,Bathroom cabinet,0.7089696526527405,Cabinetry,0.6700767278671265,Office building,0.6087267398834229,Coffee table,0.5783027410507202,Waste container,0.572990357875824
/m/078n6m,Coffee table,Coffee cup,0.8484094738960266,Tea,0.7334243059158325,Kitchen & dining room table,0.7036811709403992,Coffeemaker,0.6949459910392761,Coffeemaker,0.6949459910392761
/m/0h8n5zk,Kitchen & dining room table,Coffee table,0.7036811709403992,Billiard table,0.6753079295158386,Billiard table,0.6753079295158386,Cutting board,0.6407033801078796,Cutting board,0.6407033801078796
/m/05kyg_,Chest of drawers,Shelf,0.6701059341430664,Closet,0.6484173536300659,Wardrobe,0.630158007144928,Cutting board,0.6267198324203491,Cutting board,0.6267198324203491
/m/0642b4,Cupboard,Whiteboard,0.7829262614250183,Surfboard,0.7226859927177429,Surfboard,0.7226859927177429,Snowboard,0.7013511657714844,Snowboard,0.7013511657714844
/m/0cvnqh,Bench,Training bench,0.7971429824829102,Training bench,0.7971429824829102,Wrench,0.760840892791748,Wrench,0.760840892791748,Chair,0.7444857954978943
/m/0fqfqc,Drawer,Stretcher,0.6486131548881531,Stretcher,0.6486131548881531,Eraser,0.6437418460845947,Printer,0.6434437036514282,Printer,0.6434437036514282
/m/0fqt361,Stool,Chair,0.7312625646591187,Spatula,0.6733149886131287,Spatula,0.6733149886131287,Spatula,0.6733149886131287,Bench,0.6625500321388245
/m/0gjbg72,Shelf,Chest of drawers,0.6701059341430664,Scarf,0.6477015018463135,Scarf,0.6477015018463135,Sheep,0.6409018635749817,Ladder,0.6339384913444519
/m/0h8mzrc,Wall clock,Wall clock,1.0,Digital clock,0.7697052359580994,Alarm clock,0.7645484209060669,Door handle,0.6240843534469604,Door handle,0.6240843534469604
/m/04y4h8h,Bathroom cabinet,Bathtub,0.7253381609916687,Filing cabinet,0.7089696526527405,Cabinetry,0.6898487210273743,Waste container,0.6577480435371399,Waste container,0.6577480435371399
/m/0d4w1,Closet,Wardrobe,0.7308173775672913,Suitcase,0.6769591569900513,Coat,0.6618518829345703,Suit,0.6590150594711304,Chest of drawers,0.6484173536300659
/m/0h8n6f9,Dog bed,Dog,0.7866421937942505,Infant bed,0.7225188612937927,Sofa bed,0.7012599110603333,Hot dog,0.6527881622314453,Cat furniture,0.6237963438034058
/m/0h8nm9j,Cat furniture,Cat,0.7550588846206665,Dog bed,0.6237963438034058,Cart,0.5922308564186096,Bat (Animal),0.5895040035247803,Toilet,0.5838105082511902
/m/01jfsr,Lantern,Lamp,0.701173722743988,Ladder,0.6857773661613464,Ladder,0.6857773661613464,Candle,0.6774002909660339,Lighthouse,0.6600664854049683
/m/046dlr,Alarm clock,Wall clock,0.7645484209060669,Wall clock,0.7645484209060669,Digital clock,0.6944054365158081,Light switch,0.6591899991035461,Light switch,0.6591899991035461
/m/06_72j,Digital clock,Wall clock,0.7697052359580994,Wall clock,0.7697052359580994,Alarm clock,0.6944054365158081,Earring,0.5771246552467346,Tablet computer,0.5749084949493408
/m/0h8mzrc,Wall clock,Wall clock,1.0,Digital clock,0.7697052359580994,Alarm clock,0.7645484209060669,Door handle,0.6240843534469604,Door handle,0.6240843534469604
/m/02s195,Vase,Cake,0.6467438340187073,Mule,0.6234254837036133,Bottle,0.6224006414413452,Bottle,0.6224006414413452,Bottle,0.6224006414413452
/m/031b6r,Window blind,Window,0.7628206014633179,Human eye,0.6453598737716675,Human eye,0.6453598737716675,Human eye,0.6453598737716675,Wine glass,0.6359208822250366
/m/03rszm,Curtain,Window,0.6571948528289795,Cutting board,0.6219983696937561,Cutting board,0.6219983696937561,Cutting board,0.6219982504844666,Closet,0.6212936639785767
/m/054_l,Mirror,Goggles,0.6228466033935547,Goggles,0.6228466033935547,Window,0.6187047362327576,Glasses,0.6155872344970703,Glasses,0.6155872344970703
/m/0152hh,Snowman,Snowmobile,0.7003628611564636,Snowboard,0.6020433902740479,Snowboard,0.6020433902740479,Snowplow,0.5980891585350037,Snowplow,0.5980891585350037
/m/04yqq2,Bust,Bomb,0.605047345161438,Bomb,0.605047345161438,Bus,0.58008873462677,Bull,0.5762624144554138,Burrito,0.5538497567176819
/m/01yx86,Bronze sculpture,Woman,0.6238492131233215,Human face,0.6104668378829956,Human face,0.6104668378829956,Human face,0.6104668378829956,Human head,0.6062148213386536
/m/06z37_,Picture frame,Camera,0.7157040238380432,Camera,0.7157040238380432,Window,0.6471733450889587,Human face,0.6464832425117493,Human face,0.6464832425117493
/m/0c06p,Candle,Lamp,0.6944305300712585,Necklace,0.6812878251075745,Light bulb,0.6784648895263672,Lantern,0.6774002909660339,Candy,0.6584384441375732
/m/0dtln,Lamp,Light switch,0.7159855365753174,Light switch,0.7159855365753174,Light bulb,0.715144157409668,Lantern,0.701173722743988,Street light,0.6973615288734436
/m/0162_1,Towel,Paper towel,0.8845781683921814,Toilet paper,0.656453013420105,Toilet paper,0.656453013420105,Toilet,0.6447516679763794,Toothbrush,0.6412153244018555
/m/09gtd,Toilet paper,Toilet paper,1.0,Paper towel,0.8203949332237244,Toilet,0.819168746471405,Paper cutter,0.6948225498199463,Towel,0.656453013420105
/m/0c3mkw,Soap dispenser,Hand dryer,0.6494787931442261,Hair dryer,0.6331015229225159,Washing machine,0.6160240173339844,Toilet paper,0.6121602058410645,Toilet paper,0.6121601462364197
/m/0h8nsvg,Facial tissue holder,Human face,0.6238558292388916,Human face,0.6238558292388916,Human face,0.6238558292388916,Human hand,0.5714696049690247,Human hand,0.5714696049690247
/m/01gllr,Beehive,Bee,0.6771891117095947,Envelope,0.5703933835029602,Seahorse,0.5672348141670227,Beaker,0.5536642670631409,Beaker,0.5536642670631409
/m/01j61q,Tent,Bench,0.6813908815383911,Belt,0.6494299173355103,Window,0.6311586499214172,Treadmill,0.6285881400108337,Treadmill,0.6285881400108337
/m/015qbp,Parking meter,Stop sign,0.6133956909179688,Measuring cup,0.5945456027984619,Measuring cup,0.5945456027984619,Measuring cup,0.5945456027984619,Traffic light,0.585202157497406
/m/015qff,Traffic light,Street light,0.8401846885681152,Light switch,0.731475293636322,Light switch,0.731475293636322,Light bulb,0.7190295457839966,Stop sign,0.6970345973968506
/m/01knjb,Billboard,Scoreboard,0.6495866775512695,Scoreboard,0.6495866775512695,Billiard table,0.6332714557647705,Billiard table,0.6332714557647705,Whiteboard,0.6303671598434448
/m/02pv19,Stop sign,Traffic light,0.6970345973968506,Light switch,0.6537978053092957,Light switch,0.6537978053092957,Alarm clock,0.6405296921730042,Street light,0.6331513524055481
/m/01pns0,Fire hydrant,Fireplace,0.6364689469337463,Heater,0.6071754097938538,Humidifier,0.6005205512046814,Frying pan,0.589719295501709,Helicopter,0.5810041427612305
/m/0220r2,Fountain,Flute,0.6819151639938354,Flute,0.6819151639938354,Bottle,0.6744308471679688,Bottle,0.6744308471679688,Bottle,0.6744308471679688
/m/033rq4,Street light,Traffic light,0.8401846885681152,Light switch,0.7766525149345398,Light switch,0.7766525149345398,Light bulb,0.7429167628288269,Lamp,0.6973615288734436
/m/065h6l,Jacuzzi,Bathtub,0.6503115892410278,Swimming pool,0.6183671951293945,Swimwear,0.5987579226493835,Jacket,0.5739184021949768,Zucchini,0.5680701732635498
/m/02wg_p,Tree house,Christmas tree,0.7641424536705017,Palm tree,0.70409095287323,House,0.6985530257225037,Tent,0.5975780487060547,Tower,0.5965672731399536
/m/04h7h,Lighthouse,Lantern,0.6600664854049683,Light bulb,0.6520534753799438,Light switch,0.6094358563423157,Light switch,0.6094358563423157,Torch,0.6084957718849182
/m/079cl,Skyscraper,Dinosaur,0.6708173155784607,Submarine,0.6264917850494385,Stairs,0.6168159246444702,Shotgun,0.6064561605453491,Shotgun,0.6064561605453491
/m/0d5gx,Castle,House,0.6177749037742615,Horse,0.5977221727371216,Necklace,0.5913704037666321,Fountain,0.574117124080658,Cart,0.5710743069648743
/m/01fdzj,Tower,Tiger,0.625605046749115,Ladder,0.623112678527832,Ladder,0.623112678527832,Window,0.6101233959197998,Office building,0.6011853814125061
/m/03jm5,House,Tree house,0.6985530257225037,Houseplant,0.6649185419082642,Horse,0.6330923438072205,Closet,0.6299759149551392,Window,0.6289292573928833
/m/021sj1,Office building,Window,0.6195420026779175,Coffee table,0.6098418235778809,Filing cabinet,0.6087267398834229,Printer,0.6059682369232178,Printer,0.6059682369232178
/m/0crjs,Convenience store,Cart,0.6235047578811646,Waste container,0.6039604544639587,Waste container,0.6039604544639587,Coffee cup,0.6011186242103577,Countertop,0.6010677814483643
/m/012ysf,Syringe,Syringe,1.000000238418579,Earring,0.6873606443405151,Rifle,0.6267262697219849,Rifle,0.6267262697219849,Missile,0.6000537872314453
/m/02lbcq,Stretcher,Stretcher,0.9999999403953552,Drawer,0.6486131548881531,Heater,0.6401086449623108,Stapler,0.6326170563697815,Mixer,0.6308761239051819
/m/073g6,Stethoscope,Stethoscope,0.9999999403953552,Stool,0.6142469644546509,Treadmill,0.6105840802192688,Treadmill,0.6105840802192688,Microphone,0.6077443361282349
/m/0j496,Band-aid,Band-aid,1.0,Human hand,0.6423773169517517,Human hand,0.6423773169517517,Human hand,0.6423773169517517,Earring,0.6325680017471313
/m/013y1f,Organ (Musical Instrument),Organ (Musical Instrument),1.0,Violin,0.6286110281944275,Violin,0.6286110281944275,Piano,0.6000253558158875,Piano,0.6000253558158875
/m/018j2,Banjo,Banjo,1.000000238418579,Cello,0.6316831707954407,Cello,0.6316831707954407,Piano,0.6270509362220764,Piano,0.6270509362220764
/m/01xqw,Cello,Cello,1.0000001192092896,Violin,0.76421058177948,Violin,0.76421058177948,Piano,0.7546266913414001,Piano,0.7546266913414001
/m/026t6,Drum,Drum,1.0000001192092896,Piano,0.6453408598899841,Piano,0.6453408598899841,Guitar,0.6313273310661316,Guitar,0.6313273310661316
/m/0319l,French horn,French horn,1.0,French fries,0.5970631241798401,Human ear,0.5488961338996887,Human ear,0.5488961338996887,Human ear,0.5488961338996887
/m/0342h,Guitar,Guitar,1.0,Piano,0.7357283234596252,Piano,0.7357283234596252,Violin,0.7330632209777832,Violin,0.7330632209777832
/m/03m5k,Harp,Harp,1.0,Harpsichord,0.6928069591522217,Harpsichord,0.6928069591522217,Scarf,0.6248171329498291,Scarf,0.6248171329498291
/m/03q5t,Harpsichord,Harpsichord,0.9999998807907104,Harp,0.6928069591522217,Harp,0.6928069591522217,Saxophone,0.6008689403533936,Saxophone,0.6008689403533936
/m/03qjg,Harmonica,Harmonica,1.0,Piano,0.5577186942100525,Piano,0.5577186942100525,Violin,0.5555798411369324,Violin,0.5555798411369324
/m/057cc,Musical keyboard,Musical keyboard,1.0000001192092896,Musical keyboard,1.0,Computer keyboard,0.7799399495124817,Computer keyboard,0.7799399495124817,Piano,0.7136886715888977
/m/05kms,Oboe,Oboe,1.0,Canoe,0.6219531893730164,Mule,0.620445728302002,Owl,0.607296884059906,Vase,0.5992854237556458
/m/05r5c,Piano,Piano,1.0000001192092896,Violin,0.7573223114013672,Violin,0.7573223114013672,Cello,0.7546266913414001,Cello,0.7546266913414001
/m/06ncr,Saxophone,Saxophone,1.0,Cello,0.7329522371292114,Cello,0.7329522371292114,Violin,0.7249332070350647,Violin,0.7249332070350647
/m/07c6l,Trombone,Trombone,1.000000238418579,Treadmill,0.6152709722518921,Treadmill,0.6152709722518921,Microphone,0.6107288599014282,Microphone,0.6107288599014282
/m/07gql,Trumpet,Trumpet,0.9999998211860657,Jacket,0.7283947467803955,Rocket,0.7099907994270325,Violin,0.6552809476852417,Violin,0.6552809476852417
/m/07y_7,Violin,Violin,1.0000001192092896,Cello,0.76421058177948,Cello,0.76421058177948,Piano,0.7573223114013672,Piano,0.7573223114013672
/m/0f8s22,Chime,Chime,1.0000001192092896,Kite,0.6045970916748047,Chisel,0.5892739295959473,Chisel,0.5892739295959473,Shrimp,0.5848517417907715
/m/0l14j_,Flute,Flute,1.0000001192092896,Fountain,0.6819151639938354,Violin,0.6781765222549438,Violin,0.6781765222549438,Trumpet,0.6269773244857788
/m/0mkg,Accordion,Accordion,1.0000001192092896,Harpsichord,0.6004568338394165,Harpsichord,0.6004568338394165,Scorpion,0.5985324382781982,Violin,0.5681095123291016
/m/0xzly,Maraca,Maraca,1.0,Harmonica,0.4952319264411926,Harmonica,0.4952319264411926,Motorcycle,0.47929197549819946,Football,0.47572383284568787
/m/014y4n,Paddle,Paddle,0.9999999403953552,Ladder,0.650242269039154,Ladder,0.650242269039154,Canoe,0.6436365842819214,Swimming pool,0.6339275240898132
/m/01226z,Football,Football,1.0000001192092896,Football helmet,0.6701707243919373,Football helmet,0.6701707243919373,Football helmet,0.6701707243919373,Rugby ball,0.663263738155365
/m/02ctlc,Cricket ball,Cricket ball,1.0,Rugby ball,0.7882882952690125,Rugby ball,0.7882882952690125,Golf ball,0.7694216966629028,Golf ball,0.7694216966629028
/m/02rgn06,Volleyball (Ball),Volleyball (Ball),1.000000238418579,Tennis ball,0.5816170573234558,Tennis ball,0.5816170573234558,Football,0.5408437252044678,Football,0.5408437252044678
/m/05ctyq,Tennis ball,Tennis ball,1.0,Golf ball,0.7600278258323669,Golf ball,0.7600278258323669,Cricket ball,0.7555984854698181,Cricket ball,0.7555984854698181
/m/0wdt60w,Rugby ball,Rugby ball,1.0,Cricket ball,0.7882882952690125,Cricket ball,0.7882882952690125,Tennis ball,0.725832998752594,Tennis ball,0.725832998752594
/m/01bqk0,Bicycle wheel,Bicycle wheel,1.0000001192092896,Bicycle wheel,0.9999999403953552,Bicycle wheel,0.9999999403953552,Wheel,0.7613129615783691,Wheel,0.7613128423690796
/m/019w40,Surfboard,Surfboard,1.0000001192092896,Snowboard,0.809689998626709,Snowboard,0.809689998626709,Skateboard,0.7611640691757202,Skateboard,0.7611640691757202
/m/01g3x7,Bow and arrow,Bow and arrow,1.0,Bow and arrow,1.0,Bow and arrow,1.0,Rays and skates,0.6276851892471313,Human hand,0.6208065152168274
/m/0268lbt,Hiking equipment,Hiking equipment,1.0,Bowling equipment,0.642487108707428,Bowling equipment,0.642487108707428,Bicycle helmet,0.594886839389801,Bicycle helmet,0.594886839389801
/m/02p3w7d,Roller skates,Roller skates,1.0,Roller skates,1.0,Rays and skates,0.7223126292228699,Skateboard,0.6833226680755615,Skateboard,0.6833226680755615
/m/02wmf,Flying disc,Flying disc,1.000000238418579,Flying disc,1.000000238418579,Rays and skates,0.5947551727294922,Roller skates,0.5939520001411438,Roller skates,0.5939520001411438
/m/03g8mr,Baseball bat,Baseball bat,0.9999999403953552,Baseball glove,0.7396355271339417,Baseball glove,0.7396355271339417,Baseball glove,0.7396355271339417,Cricket ball,0.692687451839447
/m/03grzl,Baseball glove,Baseball glove,0.9999999403953552,Baseball glove,0.9999999403953552,Baseball bat,0.7396356463432312,Baseball bat,0.7396355271339417,Golf ball,0.6827241778373718
/m/0420v5,Punching bag,Punching bag,1.0000001192092896,Plastic bag,0.6731017231941223,Mixing bowl,0.6500383019447327,Handbag,0.6304969787597656,Handbag,0.6304969787597656
/m/044r5d,Golf ball,Golf ball,1.0000001192092896,Golf cart,0.7736951112747192,Cricket ball,0.7694216966629028,Cricket ball,0.7694216966629028,Tennis ball,0.7600278258323669
/m/054xkw,Personal flotation device,Personal flotation device,1.0,Paddle,0.5811283588409424,Paddle,0.5811283588409424,Swim cap,0.5667929649353027,Flying disc,0.5591157078742981
/m/057p5t,Scoreboard,Scoreboard,0.9999997615814209,Snowboard,0.7210531830787659,Snowboard,0.7210531830787659,Whiteboard,0.7032901048660278,Cupboard,0.6974548101425171
/m/06__v,Snowboard,Snowboard,1.000000238418579,Skateboard,0.819665253162384,Skateboard,0.819665253162384,Surfboard,0.809689998626709,Surfboard,0.809689998626709
/m/06_fw,Skateboard,Skateboard,1.0000001192092896,Snowboard,0.819665253162384,Snowboard,0.819665253162384,Surfboard,0.7611640691757202,Surfboard,0.7611640691757202
/m/071p9,Ski,Ski,1.0000001192092896,Jet ski,0.8200235366821289,Snowboard,0.6400919556617737,Snowboard,0.6400919556617737,Tire,0.594866156578064
/m/07pj7bq,Bowling equipment,Bowling equipment,1.0,Bowl,0.7066302299499512,Mixing bowl,0.6984936594963074,Hiking equipment,0.642487108707428,Hiking equipment,0.642487108707428
/m/04h8sr,Dumbbell,Dumbbell,1.0000001192092896,Duck,0.5962273478507996,Doll,0.5898672938346863,Doughnut,0.58918696641922,Umbrella,0.586963951587677
/m/03kt2w,Stationary bicycle,Stationary bicycle,0.9999998807907104,Bicycle wheel,0.6954314708709717,Bicycle wheel,0.6954314708709717,Bicycle wheel,0.6954314708709717,Bicycle wheel,0.6954313516616821
/m/030610,Treadmill,Treadmill,1.0000001192092896,Stairs,0.672942578792572,Tire,0.6640675067901611,Tire,0.6640673875808716,Train,0.6582197546958923
/m/076lb9,Training bench,Training bench,1.0000001192092896,Bench,0.7971429824829102,Studio couch,0.6508947014808655,Sports uniform,0.6272382736206055,Chair,0.6239048838615417
/m/03wym,Indoor rower,Indoor rower,1.0,Roller skates,0.6136451959609985,Roller skates,0.6136451959609985,Roller skates,0.6136451959609985,Stationary bicycle,0.6013883948326111
/m/0cqn2,Horizontal bar,Horizontal bar,0.9999999403953552,Cutting board,0.6316604018211365,Cutting board,0.6316602826118469,Cutting board,0.6316602826118469,Human hand,0.6033068299293518
/m/0cyfs,Parachute,Parachute,1.0000001192092896,Helicopter,0.6888843774795532,Treadmill,0.6410371661186218,Treadmill,0.6410371661186218,Skateboard,0.6329776644706726
/m/0h8my_4,Tennis racket,Tennis racket,1.0,Table tennis racket,0.921493649482727,Table tennis racket,0.921493649482727,Tennis ball,0.7286762595176697,Tennis ball,0.7286762595176697
/m/05_5p_0,Table tennis racket,Table tennis racket,1.000000238418579,Tennis racket,0.921493649482727,Tennis racket,0.9214935302734375,Tennis ball,0.6808093190193176,Tennis ball,0.6808093190193176
/m/0l3ms,Balance beam,Balance beam,0.9999999403953552,Light bulb,0.5782328248023987,Horizontal bar,0.5597865581512451,Horizontal bar,0.5597864985466003,Picture frame,0.5581385493278503
/m/03p3bw,Bicycle helmet,Bicycle helmet,1.0000001192092896,Bicycle helmet,1.0000001192092896,Football helmet,0.7517298460006714,Football helmet,0.7517298460006714,Football helmet,0.7517298460006714
/m/07qxg_,Football helmet,Football helmet,1.000000238418579,Football helmet,1.000000238418579,Bicycle helmet,0.7517298460006714,Bicycle helmet,0.7517298460006714,Bicycle helmet,0.7517298460006714
/m/04p0qw,Billiard table,Billiard table,1.0,Coffee table,0.6793230772018433,Kitchen & dining room table,0.6753079295158386,Table tennis racket,0.6594696044921875,Table tennis racket,0.6594696044921875
/m/02jnhm,Tin can,Tin can,1.0,Plastic bag,0.6184810400009155,Mixing bowl,0.6086465120315552,Coffee cup,0.5976479053497314,Wine glass,0.5937392115592957
/m/02zn6n,Barrel,Barrel,1.0000001192092896,Bottle,0.6995018720626831,Bottle,0.6995018720626831,Bottle,0.6995018720626831,Beer,0.6306818723678589
/m/04dr76w,Bottle,Bottle,1.0,Bottle,1.0,Bottle opener,0.7575531005859375,Bottle opener,0.757552981376648,Bottle opener,0.757552981376648
/m/07kng9,Picnic basket,Picnic basket,1.0000001192092896,Plastic bag,0.652874231338501,Wine glass,0.6162360310554504,Backpack,0.6160594820976257,Mixing bowl,0.6150062680244446
/m/08hvt4,Jug,Jug,1.0,Jug,1.0,Juice,0.6809919476509094,Mug,0.6004540920257568,Frog,0.5692827105522156
/m/0bjyj5,Waste container,Waste container,1.0000001192092896,Bathroom cabinet,0.6577480435371399,Washing machine,0.6570883989334106,Plastic bag,0.6493160128593445,Toilet,0.6303126215934753
/m/0d20w4,Beaker,Beaker,1.0000001192092896,Heater,0.6768456101417542,Mixer,0.6486238837242126,Mixer,0.6486238837242126,Bee,0.6414490938186646
/m/0fm3zh,Flowerpot,Flowerpot,1.0,Teapot,0.7721988558769226,Houseplant,0.6190524101257324,Flashlight,0.5993863344192505,Flashlight,0.5993863344192505
/m/012w5l,Ladder,Ladder,1.000000238418579,Stairs,0.7240875363349915,Lantern,0.6857773661613464,Ladle,0.6783024668693542,Ladle,0.6783024668693542
/m/012xff,Toothbrush,Toothbrush,1.0000001192092896,Toothbrush,1.0000001192092896,Cutting board,0.6579540371894836,Cutting board,0.6579540371894836,Cutting board,0.6579540371894836
/m/01bms0,Screwdriver,Screwdriver,0.9999999403953552,Scissors,0.672731876373291,Scissors,0.672731876373291,Scissors,0.672731876373291,Blender,0.6542776226997375
/m/01d380,Drill (Tool),Drill (Tool),1.0000003576278687,Screwdriver,0.6459986567497253,Screwdriver,0.6459986567497253,Nail (Construction),0.6102579236030579,Nail (Construction),0.6102579236030579
/m/01j4z9,Chainsaw,Chainsaw,1.0,Scissors,0.6264140605926514,Scissors,0.6264140605926514,Scissors,0.6264140605926514,Knife,0.6213597059249878
/m/01j5ks,Wrench,Wrench,1.0000001192092896,Bench,0.760840892791748,Crutch,0.7193342447280884,Wheel,0.6821553111076355,Wheel,0.6821553111076355
/m/01kb5b,Flashlight,Flashlight,1.0000001192092896,Light bulb,0.6664450764656067,Street light,0.6637043356895447,Traffic light,0.6574708819389343,Light switch,0.654309093952179
/m/01lsmm,Scissors,Scissors,0.9999999403953552,Scissors,0.9999999403953552,Screwdriver,0.672731876373291,Screwdriver,0.672731876373291,Eraser,0.6692306399345398
/m/02bm9n,Ratchet (Device),Ratchet (Device),1.0,Wrench,0.603718638420105,Wrench,0.603718638420105,Headphones,0.5859531760215759,Headphones,0.5859531760215759
/m/01_5g,Chopsticks,Chopsticks,1.0000001192092896,Chopsticks,1.0000001192092896,Chopsticks,1.0000001192092896,Lipstick,0.6621546745300293,Shorts,0.6182794570922852
/m/027rl48,Ladle,Ladle,1.0,Ladle,1.0,Ladder,0.6783024668693542,Ladder,0.6783024668693542,Paddle,0.6248573064804077
/m/02d1br,Spatula,Spatula,0.9999998807907104,Spatula,0.9999998807907104,Stool,0.6733149886131287,Shotgun,0.6661702394485474,Shotgun,0.6661702394485474
/m/02mqfb,Can opener,Can opener,1.000000238418579,Can opener,1.000000238418579,Bottle opener,0.6559803485870361,Bottle opener,0.6559803485870361,Bottle opener,0.6559803485870361
/m/02pdsw,Cutting board,Cutting board,1.0000001192092896,Cutting board,1.0000001192092896,Paper cutter,0.7997254133224487,Pizza cutter,0.7128597497940063,Pizza cutter,0.7128597497940063
/m/02vwcm,Whisk,Whisk,1.000000238418579,Whisk,1.000000238418579,Wok,0.6854519844055176,Whale,0.6253336071968079,Wrench,0.592965841293335
/m/03v5tg,Drinking straw,Drinking straw,1.0000001192092896,Drinking straw,0.9999998807907104,Serving tray,0.6880654692649841,Human mouth,0.6744654774665833,Human mouth,0.6744654774665833
/m/04ctx,Knife,Knife,0.9999999403953552,Knife,0.9999999403953552,Knife,0.9999999403953552,Knife,0.9999999403953552,Kitchen knife,0.7423321604728699
/m/04f5ws,Bottle opener,Bottle opener,0.9999997615814209,Bottle opener,0.9999997615814209,Bottle,0.7575531005859375,Bottle,0.7575531005859375,Bottle,0.7575531005859375
/m/07v9_z,Measuring cup,Measuring cup,0.9999997615814209,Measuring cup,0.9999997615814209,Coffee cup,0.7646648287773132,Drinking straw,0.6425440311431885,Drinking straw,0.6425440311431885
/m/08ks85,Pizza cutter,Pizza cutter,1.000000238418579,Pizza cutter,1.000000238418579,Paper cutter,0.7996038198471069,Pizza,0.7281168103218079,Cutting board,0.7128598093986511
/m/0cmx8,Spoon,Spoon,1.0000001192092896,Spoon,1.0000001192092896,Spoon,1.0000001192092896,Spatula,0.6586855053901672,Spatula,0.6586855053901672
/m/0dt3t,Fork,Fork,0.9999999403953552,Fork,0.9999999403953552,Fork,0.9999999403953552,Shark,0.6513156890869141,Sock,0.628115713596344
/m/03l9g,Hammer,Hammer,1.0000001192092896,Hamster,0.603678822517395,Hamburger,0.6015180349349976,Harp,0.5906559228897095,Harp,0.5906559228897095
/m/03txqz,Scale,Scale,0.9999998807907104,Stairs,0.6272814273834229,Ladder,0.6177544593811035,Ladder,0.6177544593811035,Plate,0.61164790391922
/m/04vv5k,Snowplow,Snowplow,1.0,Snowboard,0.6324720978736877,Snowboard,0.6324720978736877,Snowmobile,0.6098509430885315,Snowman,0.5980891585350037
/m/05bm6,Nail (Construction),Nail (Construction),1.000000238418579,Drill (Tool),0.6102579236030579,Drill (Tool),0.6102579236030579,Human foot,0.5646728277206421,Human foot,0.5646728277206421
/m/073bxn,Tripod,Tripod,1.0000001192092896,Isopod,0.6862326860427856,Ipod,0.6168540120124817,Ipod,0.6168539524078369,Teapot,0.5485848188400269
/m/07dd4,Torch,Torch,0.9999999403953552,Porch,0.6818631291389465,Wrench,0.649711549282074,Wrench,0.649711549282074,Bench,0.6392545700073242
/m/0_dqb,Chisel,Chisel,1.0000001192092896,Chime,0.5892739295959473,Chime,0.5892739295959473,Cheese,0.5005806088447571,Pretzel,0.49817413091659546
/m/0c2jj,Axe,Axe,1.0000001192092896,Axe,1.0000001192092896,Axe,1.0000001192092896,Fox,0.6528223752975464,Rifle,0.6086536645889282
/m/0dv5r,Camera,Camera,1.0000001192092896,Picture frame,0.7157040238380432,Window,0.6517314910888672,Microphone,0.6503320932388306,Microphone,0.6503320932388306
/m/0h8jyh6,Grinder,Grinder,1.0,Mixer,0.7473479509353638,Mixer,0.7473479509353638,Blender,0.7413555383682251,Blender,0.7413555383682251
/m/0hdln,Ruler,Ruler,0.9999999403953552,Rifle,0.641024112701416,Rifle,0.641024112701416,Grinder,0.6121751070022583,Grinder,0.6121751070022583
/m/0lt4_,Binoculars,Binoculars,1.0,Sunglasses,0.7116813063621521,Sunglasses,0.7116813063621521,Goggles,0.7080390453338623,Goggles,0.7080390453338623
/m/01g3x7,Bow and arrow,Bow and arrow,1.0,Bow and arrow,1.0,Bow and arrow,1.0,Rays and skates,0.6276851892471313,Human hand,0.6208065152168274
/m/020kz,Cannon,Cannon,1.0,Canoe,0.6294049620628357,Balloon,0.6016749143600464,Coconut,0.5797067284584045,Canary,0.5747888088226318
/m/02gzp,Dagger,Dagger,1.0,Handgun,0.667231559753418,Handgun,0.667231559753418,Shotgun,0.6311997175216675,Shotgun,0.6311997175216675
/m/04ctx,Knife,Knife,0.9999999403953552,Knife,0.9999999403953552,Knife,0.9999999403953552,Knife,0.9999999403953552,Kitchen knife,0.7423321604728699
/m/06c54,Rifle,Rifle,1.0000001192092896,Missile,0.7568843960762024,Missile,0.7568843960762024,Shotgun,0.7521100640296936,Shotgun,0.7521100640296936
/m/06nrc,Shotgun,Shotgun,1.0000001192092896,Handgun,0.8213270902633667,Handgun,0.8213270902633667,Rifle,0.7521100640296936,Rifle,0.7521100640296936
/m/07cmd,Tank,Tank,1.0,Tank,1.0,Truck,0.7535091042518616,Train,0.6518081426620483,Tent,0.622678816318512
/m/0c2jj,Axe,Axe,1.0000001192092896,Axe,1.0000001192092896,Axe,1.0000001192092896,Fox,0.6528223752975464,Rifle,0.6086536645889282
/m/0gxl3,Handgun,Handgun,1.000000238418579,Shotgun,0.8213270902633667,Shotgun,0.8213270902633667,Handbag,0.7588627338409424,Handbag,0.7588627338409424
/m/06y5r,Sword,Sword,1.000000238418579,Skull,0.7009667754173279,Skull,0.7009667754173279,Skull,0.7009667754173279,Knife,0.6878718733787537
/m/04ylt,Missile,Missile,0.9999997615814209,Rifle,0.7568843960762024,Rifle,0.7568843960762024,Shotgun,0.6747292280197144,Shotgun,0.6747292280197144
/m/0ct4f,Bomb,Bomb,1.000000238418579,Balloon,0.6650712490081787,Missile,0.6348702311515808,Missile,0.6348702311515808,Bust,0.605047345161438
/m/01432t,Cassette deck,Cassette deck,1.0,Desk,0.623248815536499,Wine rack,0.5930741429328918,Trumpet,0.5899491310119629,Trumpet,0.5899491310119629
/m/01b7fy,Headphones,Headphones,1.000000238418579,Microphone,0.8033880591392517,Microphone,0.8033880591392517,Earring,0.7361526489257812,Sunglasses,0.7228364944458008
/m/01c648,Laptop,Laptop,1.0000001192092896,Tablet computer,0.7107290029525757,Tablet computer,0.7107290029525757,Computer monitor,0.6675857305526733,Computer monitor,0.6675857305526733
/m/01m2v,Computer keyboard,Computer keyboard,1.0000001192092896,Musical keyboard,0.7799400091171265,Musical keyboard,0.7799399495124817,Musical keyboard,0.7799399495124817,Computer mouse,0.7749903202056885
/m/01m4t,Printer,Printer,1.0000001192092896,Paper cutter,0.7336680293083191,Mixer,0.6863060593605042,Mixer,0.6863060593605042,Grinder,0.662272036075592
/m/020lf,Computer mouse,Computer mouse,0.9999998807907104,Mouse,0.8557825088500977,Computer keyboard,0.7749903202056885,Computer keyboard,0.7749903202056885,Computer monitor,0.7691755294799805
/m/02522,Computer monitor,Computer monitor,1.0000001192092896,Computer mouse,0.7691755294799805,Computer mouse,0.7691755294799805,Tablet computer,0.7131154537200928,Tablet computer,0.7131154537200928
/m/03bbps,Power plugs and sockets,Power plugs and sockets,1.0,Light switch,0.6224671602249146,Light switch,0.6224671602249146,Light bulb,0.6041592955589294,Street light,0.600511908531189
/m/03jbxj,Light switch,Light switch,1.0000001192092896,Light bulb,0.7799646854400635,Street light,0.7766525149345398,Traffic light,0.731475293636322,Lamp,0.7159855365753174
/m/057cc,Musical keyboard,Musical keyboard,1.0,Musical keyboard,1.0,Computer keyboard,0.7799400091171265,Computer keyboard,0.7799400091171265,Piano,0.7136886715888977
/m/07c52,Television,Television,1.0,Football,0.6453180313110352,Football,0.6453180313110352,Train,0.6220400333404541,Scoreboard,0.618120014667511
/m/050k8,Mobile phone,Mobile phone,1.0000001192092896,Corded phone,0.7667373418807983,Corded phone,0.7667373418807983,Microphone,0.683509111404419,Microphone,0.683509111404419
/m/0h8lkj8,Corded phone,Corded phone,1.0,Mobile phone,0.7667373418807983,Mobile phone,0.7667373418807983,Band-aid,0.6246252655982971,Band-aid,0.6246252655982971
/m/0bh9flk,Tablet computer,Tablet computer,0.9999999403953552,Computer monitor,0.7131154537200928,Computer monitor,0.7131154537200928,Laptop,0.7107290029525757,Laptop,0.7107290029525757
/m/0hg7b,Microphone,Microphone,1.000000238418579,Headphones,0.8033880591392517,Headphones,0.8033880591392517,Saxophone,0.7087810039520264,Saxophone,0.7087810039520264
/m/0mcx2,Ipod,Ipod,1.0,Apple,0.7147958874702454,Isopod,0.6731618046760559,Headphones,0.6235077381134033,Headphones,0.6235077381134033
/m/0qjjc,Remote control,Remote control,0.9999999403953552,Helicopter,0.627802848815918,Microphone,0.6144014596939087,Microphone,0.6144014596939087,Light switch,0.5954518914222717
/m/0b_rs,Swimming pool,Swimwear,0.7761468887329102,Swim cap,0.7637639045715332,Bathtub,0.7104125022888184,Washing machine,0.6769407987594604,Fountain,0.6718870997428894
/m/04yx4,Man,Human hand,0.7469795942306519,Human hand,0.7469795942306519,Human hand,0.7469795346260071,Human face,0.7460604310035706,Human face,0.7460604310035706
/m/03bt1vf,Woman,Girl,0.7571542263031006,Human face,0.7448415756225586,Human face,0.7448415756225586,Human face,0.7448415756225586,Human eye,0.7251085042953491
/m/01bl7v,Boy,Girl,0.6624712347984314,Man,0.6609440445899963,Dog,0.6107246279716492,Monkey,0.5978677272796631,Cookie,0.5919361710548401
/m/05r655,Girl,Woman,0.7571542263031006,Doll,0.6655110120773315,Boy,0.6624712347984314,Dog,0.6442171335220337,Human face,0.6396370530128479
/m/014sv8,Human eye,Human eye,0.9999999403953552,Human eye,0.9999999403953552,Human face,0.8611117601394653,Human face,0.8611117601394653,Human face,0.8611117601394653
/m/016m2d,Skull,Skull,1.0,Skull,1.0,Sword,0.7009667754173279,Sword,0.7009667754173279,Snake,0.6762771010398865
/m/04hgtk,Human head,Human head,1.0,Human head,1.0,Human face,0.8528882265090942,Human face,0.8528882265090942,Human face,0.8528882265090942
/m/0dzct,Human face,Human face,1.0000001192092896,Human face,1.0,Human eye,0.8611117601394653,Human eye,0.8611117601394653,Human eye,0.8611117601394653
/m/0283dt1,Human mouth,Human mouth,1.000000238418579,Human mouth,1.0000001192092896,Human nose,0.8081645369529724,Human nose,0.8081644773483276,Human nose,0.8081644773483276
/m/039xj_,Human ear,Human ear,1.0000001192092896,Human ear,1.0,Human eye,0.7957192659378052,Human eye,0.7957192659378052,Human eye,0.7957192659378052
/m/0k0pj,Human nose,Human nose,1.0000001192092896,Human nose,1.0,Human mouth,0.8081645369529724,Human mouth,0.8081644773483276,Human mouth,0.8081644773483276
/m/03q69,Human hair,Human hair,1.000000238418579,Human hair,1.0000001192092896,Human head,0.8115745782852173,Human head,0.8115745782852173,Human head,0.8115745782852173
/m/0k65p,Human hand,Human hand,0.9999998807907104,Human hand,0.9999998807907104,Human arm,0.8564348220825195,Human arm,0.8564348220825195,Human arm,0.85643470287323
/m/031n1,Human foot,Human foot,1.0000001192092896,Human foot,1.0,Human leg,0.8986095786094666,Human leg,0.8986095786094666,Human leg,0.8986093401908875
/m/0dzf4,Human arm,Human arm,1.000000238418579,Human arm,1.0000001192092896,Human hand,0.8564348220825195,Human hand,0.8564348220825195,Human hand,0.85643470287323
/m/035r7c,Human leg,Human leg,1.0000001192092896,Human leg,1.0000001192092896,Human foot,0.8986095786094666,Human foot,0.8986095786094666,Human foot,0.8986093401908875
/m/015h_t,Beard,Beard,1.0,Beard,1.0,Lizard,0.6565685272216797,Human hair,0.649014949798584,Human hair,0.649014949798584
/m/01b9xk,Hot dog,Dog,0.7562713027000427,Dog bed,0.6527881622314453,Chicken,0.615660548210144,High heels,0.6099848747253418,Heater,0.5963187217712402
/m/02y6n,French fries,Frying pan,0.627541720867157,French horn,0.5970631241798401,French horn,0.5970631241798401,Croissant,0.5828832983970642,Waffle,0.5718442797660828
/m/01dwsz,Waffle,Waffle iron,0.8160328269004822,Muffin,0.6125280857086182,Muffin,0.6125280857086182,Bagel,0.6048054695129395,Cake,0.6019690632820129
/m/01dwwc,Pancake,Cake,0.6701857447624207,Popcorn,0.6286965608596802,Snake,0.6142666339874268,Cookie,0.6007387638092041,Cookie,0.6007387638092041
/m/01j3zr,Burrito,Tomato,0.6269966959953308,Tomato,0.6269966959953308,Taco,0.6174285411834717,Hamburger,0.6148588061332703,Sombrero,0.5977206230163574
/m/01f91_,Pretzel,Pretzel,1.0000001192092896,Towel,0.5715352892875671,Potato,0.5455768704414368,Watermelon,0.5405470728874207,Tortoise,0.5394361615180969
/m/01hrv5,Popcorn,Pancake,0.6286965608596802,Bread,0.6147252917289734,Hamburger,0.60313880443573,Cake,0.6012522578239441,Cookie,0.6002124547958374
/m/021mn,Cookie,Cookie,1.0000001192092896,Cookie,1.0000001192092896,Cake,0.729072093963623,Girl,0.6324361562728882,Egg,0.6251336932182312
/m/01tcjp,Muffin,Muffin,1.0,Waffle,0.6125280857086182,Mushroom,0.5780232548713684,Dolphin,0.571192741394043,Mule,0.5645765662193298
/m/021mn,Cookie,Cookie,1.0000001192092896,Cookie,1.0000001192092896,Cake,0.729072093963623,Girl,0.6324361562728882,Egg,0.6251336932182312
/m/0cxn2,Ice cream,Cream,0.7545046210289001,Milk,0.6128916144371033,Popcorn,0.5949893593788147,Tart,0.5850767493247986,Coffee cup,0.584674060344696
/m/0fszt,Cake,Cookie,0.729072093963623,Cookie,0.729072093963623,Cookie,0.729072093963623,Cake stand,0.7144428491592407,Bread,0.6843166351318359
/m/0gm28,Candy,Candle,0.6584384441375732,Panda,0.630337655544281,Cookie,0.6134140491485596,Cookie,0.6134140491485596,Cookie,0.6134140491485596
/m/02g30s,Guacamole,Cucumber,0.6014800071716309,Watermelon,0.5727603435516357,Shrimp,0.5724417567253113,Shrimp,0.5724417567253113,Shrimp,0.5724417567253113
/m/014j1m,Apple,Ipod,0.7147958874702454,Ipod,0.714795708656311,Pineapple,0.6748523712158203,Headphones,0.6164174675941467,Headphones,0.6164174675941467
/m/0388q,Grape,Grapefruit,0.8059567213058472,Pear,0.6564242243766785,Pineapple,0.6439953446388245,Wine,0.6387360692024231,Peach,0.6241708397865295
/m/043nyj,Common fig,Common sunflower,0.7039213180541992,Human face,0.5641047954559326,Human face,0.5641047954559326,Human face,0.5641047954559326,Fixed-wing aircraft,0.5636647939682007
/m/061_f,Pear,Peach,0.7207409739494324,Grape,0.6564242243766785,Earring,0.6215773224830627,Grapefruit,0.6208614706993103,Pineapple,0.6179735660552979
/m/07fbm7,Strawberry,Grapefruit,0.6302927732467651,Drinking straw,0.5788794755935669,Drinking straw,0.5788794755935669,Drinking straw,0.5788794159889221,Cabbage,0.5638800859451294
/m/07j87,Tomato,Tomato,1.0000001192092896,Taco,0.692815899848938,Potato,0.6726468205451965,Carrot,0.6555676460266113,Salad,0.6447553038597107
/m/09k_b,Lemon (plant),Lavender (Plant),0.7440102100372314,Orange (fruit),0.6928310990333557,Houseplant,0.6023570895195007,Palm tree,0.5795997977256775,Salad,0.5465900301933289
/m/09qck,Banana,Pineapple,0.5968749523162842,Watermelon,0.5965960621833801,Grapefruit,0.5909178853034973,Bagel,0.590351939201355,Mango,0.587831437587738
/m/0cyhj_,Orange (fruit),Lemon (plant),0.6928310990333557,Coffee (drink),0.611730694770813,Lavender (Plant),0.6087894439697266,Grapefruit,0.6050136089324951,Organ (Musical Instrument),0.5453817248344421
/m/0dj6p,Peach,Pear,0.7207409739494324,Grapefruit,0.648179292678833,Pineapple,0.6375281810760498,Porch,0.6244385838508606,Grape,0.6241708397865295
/m/0fldg,Mango,Tomato,0.5970068573951721,Tomato,0.5970068573951721,Banana,0.587831437587738,Mouse,0.5857998132705688,Monkey,0.5829760432243347
/m/0fp6w,Pineapple,Grapefruit,0.6965742111206055,Apple,0.6748523712158203,Grape,0.6439953446388245,Peach,0.6375281810760498,Watermelon,0.6328691244125366
/m/0hqkz,Grapefruit,Grape,0.8059567213058472,Pineapple,0.6965742111206055,Pomegranate,0.6647301316261292,Peach,0.648179292678833,Strawberry,0.6302927732467651
/m/0jwn_,Pomegranate,Watermelon,0.707599401473999,Potato,0.703951895236969,Grapefruit,0.6647301316261292,Pineapple,0.6253029704093933,Perfume,0.6217819452285767
/m/0kpqd,Watermelon,Pomegranate,0.707599401473999,Treadmill,0.6445456147193909,Treadmill,0.6445456147193909,Bottle,0.637496292591095,Bottle,0.637496292591095
/m/0kpt_,Cantaloupe,Canoe,0.5318290591239929,Envelope,0.5084218382835388,Antelope,0.5070217847824097,Canary,0.5022486448287964,Centipede,0.4874352812767029
/m/033cnk,Egg,Chicken,0.7098720073699951,Pig,0.6486910581588745,Eagle,0.6405125856399536,Dog,0.63797926902771,Sheep,0.6311432123184204
/m/01f91_,Pretzel,Pretzel,1.0000001192092896,Towel,0.5715352892875671,Potato,0.5455768704414368,Watermelon,0.5405470728874207,Tortoise,0.5394361615180969
/m/01fb_0,Bagel,Hamburger,0.6402083039283752,Bread,0.6342195868492126,Beer,0.6182059049606323,Waffle,0.6048054695129395,Cabbage,0.6037157773971558
/m/01tcjp,Muffin,Muffin,1.0,Waffle,0.6125280857086182,Mushroom,0.5780232548713684,Dolphin,0.571192741394043,Mule,0.5645765662193298
/m/021mn,Cookie,Cookie,1.0000001192092896,Cookie,1.0000001192092896,Cake,0.729072093963623,Girl,0.6324361562728882,Egg,0.6251336932182312
/m/09728,Bread,Cake,0.6843166351318359,Chicken,0.6490777134895325,Treadmill,0.6483464241027832,Treadmill,0.6483464241027832,Salad,0.6467265486717224
/m/0jy4k,Doughnut,Coconut,0.7606111764907837,Dumbbell,0.58918696641922,Dumbbell,0.58918696641922,Bread,0.5799770951271057,Carrot,0.5772581696510315
/m/015wgc,Croissant,French fries,0.5828832983970642,Muffin,0.5521323084831238,Muffin,0.5521323084831238,Tortoise,0.5501857995986938,Bread,0.549390435218811
/m/02zvsm,Tart,Tea,0.6445881128311157,Tent,0.6088153123855591,Cake,0.6067758798599243,Tomato,0.6052759289741516,Tomato,0.6052759289741516
/m/052sf,Mushroom,Houseplant,0.6446390151977539,Bathtub,0.6380118727684021,Cucumber,0.6351016759872437,Zucchini,0.6169654130935669,Shrimp,0.6139114499092102
/m/05z55,Pasta,Pizza,0.6638895273208618,Panda,0.6044651865959167,Cheese,0.5899767279624939,Food processor,0.5775363445281982,Tomato,0.5767183303833008
/m/0663v,Pizza,Pizza cutter,0.7281168103218079,Pizza cutter,0.7281168103218079,Pizza cutter,0.7281168103218079,Pasta,0.6638895273208618,Chicken,0.634428083896637
/m/09gys,Squid,Squid,1.0,Squirrel,0.6877054572105408,Skull,0.6622759103775024,Skull,0.6622759103775024,Skull,0.6622759103775024
/m/0_cp5,Oyster,Oyster,1.0000001192092896,Oyster,1.0000001192092896,Lobster,0.7183272838592529,Lobster,0.7183272838592529,Lobster,0.7183272838592529
/m/0cjq5,Lobster,Lobster,1.0000001192092896,Lobster,1.0000001192092896,Oyster,0.7183272838592529,Oyster,0.7183272838592529,Oyster,0.7183272838592529
/m/0ll1f78,Shrimp,Shrimp,1.0000001192092896,Shrimp,1.0000001192092896,Shark,0.6706665754318237,Crab,0.6689000725746155,Crab,0.6689000129699707
/m/0n28_,Crab,Crab,1.0,Crab,1.0,Shrimp,0.6689000725746155,Shrimp,0.6689000725746155,Shrimp,0.6689000725746155
/m/07crc,Taco,Tomato,0.692815899848938,Tomato,0.692815899848938,Toaster,0.6206719875335693,Burrito,0.6174285411834717,Tick,0.5782973766326904
/m/07mcwg,Cooking spray,Hair spray,0.7454765439033508,Frying pan,0.7029000520706177,Salt and pepper shakers,0.6638702154159546,Pressure cooker,0.6497579216957092,Food processor,0.6154509782791138
/m/015x4r,Cucumber,Cabbage,0.6687799096107483,Saucer,0.6413499712944031,Mushroom,0.6351016759872437,Tomato,0.6350640058517456,Tomato,0.6350640058517456
/m/015x5n,Radish,Porch,0.5825583934783936,Salad,0.5806646347045898,Wrench,0.5743633508682251,Wrench,0.5743633508682251,Shrimp,0.5665457844734192
/m/047v4b,Artichoke,Cake,0.5910407900810242,Tortoise,0.5761256814002991,Antelope,0.5693730115890503,Suitcase,0.5649663209915161,Broccoli,0.5614379048347473
/m/05vtc,Potato,Pomegranate,0.703951895236969,Carrot,0.6922776103019714,Tomato,0.6726468205451965,Tomato,0.6726468205451965,Bottle,0.6414716243743896
/m/07j87,Tomato,Tomato,1.0000001192092896,Taco,0.692815899848938,Potato,0.6726468205451965,Carrot,0.6555676460266113,Salad,0.6447553038597107
/m/0cjs7,Garden Asparagus,Cabbage,0.5724784135818481,Salad,0.5524640679359436,Houseplant,0.547877848148346,Grapefruit,0.5234988927841187,Sunglasses,0.5145623087882996
/m/05zsy,Pumpkin,Shrimp,0.6550235748291016,Shrimp,0.6550235748291016,Shrimp,0.6550235748291016,Cucumber,0.6268898248672485,Chicken,0.6248993277549744
/m/027pcv,Zucchini,Broccoli,0.6546589732170105,Mushroom,0.6169654130935669,Cucumber,0.6034846901893616,Jacuzzi,0.5680701732635498,Pumpkin,0.5446637868881226
/m/0fbw6,Cabbage,Cucumber,0.6687799096107483,Cattle,0.6241356134414673,Carrot,0.6217471361160278,Salad,0.6200557351112366,Cake,0.6187410354614258
/m/0fj52s,Carrot,Parrot,0.8162793517112732,Potato,0.6922776103019714,Cart,0.6779401898384094,Coconut,0.6711831092834473,Cat,0.6570955514907837
/m/0grw1,Salad,Bread,0.6467265486717224,Tomato,0.6447553038597107,Tomato,0.6447553038597107,Potato,0.6364633440971375,Window,0.6360633969306946
/m/0hkxq,Broccoli,Zucchini,0.6546589732170105,Cucumber,0.6250999569892883,Tomato,0.6230430006980896,Tomato,0.6230430006980896,Salad,0.5950381755828857
/m/0jg57,Bell pepper,Pen,0.5946328639984131,Belt,0.5901634097099304,Frying pan,0.5841276049613953,Salt and pepper shakers,0.5766282677650452,Bee,0.5682904124259949
/m/02cvgx,Winter melon,Watermelon,0.5550662279129028,Ice cream,0.5520097613334656,Christmas tree,0.5317716598510742,Mango,0.5145362019538879,Lemon (plant),0.5098645687103271
/m/0fz0h,Honeycomb,Chainsaw,0.5307962894439697,Chainsaw,0.5307962894439697,Briefcase,0.5169376134872437,Pineapple,0.5152692198753357,Beehive,0.5144892930984497
/m/0cdn1,Hamburger,Hamster,0.6659867763519287,Bagel,0.6402083039283752,Saucer,0.6355019211769104,Lobster,0.6329867839813232,Lobster,0.6329867839813232
/m/06pcq,Submarine sandwich,Swimwear,0.5768066048622131,Shrimp,0.5748578310012817,Shrimp,0.5748578310012817,Shrimp,0.5748578310012817,Submarine,0.572035551071167
/m/01nkt,Cheese,Bread,0.6380041241645813,Chair,0.6183533072471619,Pizza,0.6153563261032104,Cake,0.6086447834968567,Jeans,0.5913122892379761
/m/04zpv,Milk,Chicken,0.6623230576515198,Bread,0.6354183554649353,Egg,0.6281261444091797,Monkey,0.6265779137611389,Cake,0.6170130968093872
/m/07030,Sushi,Shrimp,0.597889244556427,Shrimp,0.597889244556427,Shrimp,0.597889244556427,Salad,0.592532217502594,Cheese,0.5756189227104187
/m/03fp41,Houseplant,House,0.6649185419082642,Mushroom,0.6446390151977539,Flowerpot,0.6190524101257324,Flowerpot,0.6190524101257324,Lemon (plant),0.6023570895195007
/m/025nd,Christmas tree,Palm tree,0.7696534395217896,Tree house,0.7641424536705017,Street light,0.6191993355751038,Light switch,0.6059144735336304,Light switch,0.6059144735336304
/m/0cdl1,Palm tree,Christmas tree,0.7696534395217896,Tree house,0.70409095287323,Tomato,0.595817506313324,Tomato,0.595817506313324,Human head,0.5935326814651489
/m/0cffdh,Maple,Candle,0.648453950881958,Rifle,0.6189631819725037,Rifle,0.6189631819725037,Pineapple,0.6184524297714233,Grape,0.6112736463546753
/m/0mw_6,Willow,Owl,0.5799357295036316,Wok,0.5387696623802185,Whale,0.5232758522033691,Chainsaw,0.515709638595581,Chainsaw,0.515709638595581
/m/04gth,Lavender (Plant),Lemon (plant),0.7440102100372314,Orange (fruit),0.6087894439697266,Houseplant,0.5961098074913025,Ladder,0.5617778301239014,Ladder,0.5617778301239014
/m/06m11,Rose,Lily,0.5725536942481995,Dress,0.5494550466537476,Doll,0.5487197637557983,Dog,0.5478652715682983,Woman,0.545877993106842
/m/0ftb8,Common sunflower,Common fig,0.7039213180541992,Sun hat,0.6154096722602844,Sun hat,0.6154096722602844,Sunglasses,0.5508760213851929,Sunglasses,0.5508760213851929
/m/0jqgx,Lily,Girl,0.6122156977653503,Rose,0.5725536942481995,Woman,0.5705634951591492,Dress,0.5630977153778076,Lipstick,0.5538753867149353
/m/012n7d,Ambulance,Limousine,0.6404281258583069,Helicopter,0.6216238141059875,Truck,0.6182693839073181,Bus,0.6129053235054016,Alarm clock,0.592461884021759
/m/018p4k,Cart,Golf cart,0.7359228134155273,Cat,0.6806674003601074,Carrot,0.6779401898384094,Calculator,0.6252503395080566,Kettle,0.6241434812545776
/m/01bqk0,Bicycle wheel,Bicycle wheel,1.0,Bicycle wheel,0.9999999403953552,Bicycle wheel,0.9999998807907104,Wheel,0.76131272315979,Wheel,0.76131272315979
/m/01bjv,Bus,Train,0.6898170113563538,Truck,0.6379013657569885,Taxi,0.6331644058227539,Ambulance,0.6129053235054016,Limousine,0.6100157499313354
/m/01x3jk,Snowmobile,Snowboard,0.7434367537498474,Snowboard,0.7434367537498474,Snowman,0.7003628611564636,Snowplow,0.6098509430885315,Snowplow,0.6098509430885315
/m/0323sq,Golf cart,Golf ball,0.7736951112747192,Golf ball,0.7736951112747192,Cart,0.7359228134155273,Carrot,0.5942176580429077,Seat belt,0.5839632749557495
/m/04_sv,Motorcycle,Unicycle,0.7238563299179077,Bicycle wheel,0.6812282800674438,Bicycle wheel,0.6812282800674438,Bicycle wheel,0.6812282800674438,Bicycle wheel,0.6812281608581543
/m/076bq,Segway,Hedgehog,0.6435669660568237,Seat belt,0.61073237657547,Seat belt,0.61073237657547,Wheelchair,0.5993061661720276,Wheelchair,0.5993061661720276
/m/07cmd,Tank,Tank,1.0,Tank,1.0,Truck,0.7535091042518616,Train,0.6518081426620483,Tent,0.622678816318512
/m/07jdr,Train,Bus,0.6898170113563538,Truck,0.6799677014350891,Treadmill,0.6582197546958923,Treadmill,0.6582197546958923,Tank,0.6518081426620483
/m/07r04,Truck,Tank,0.7535091042518616,Tank,0.7535091042518616,Tank,0.7535091042518616,Train,0.6799677014350891,Taxi,0.645359456539154
/m/0f6nr,Unicycle,Motorcycle,0.7238563299179077,Bicycle wheel,0.6326625347137451,Bicycle wheel,0.6326625347137451,Bicycle wheel,0.6326624751091003,Bicycle wheel,0.6326624155044556
/m/01lcw4,Limousine,Ambulance,0.6404281258583069,Bus,0.6100157499313354,Truck,0.6016954779624939,Tire,0.5893186330795288,Tire,0.5893186330795288
/m/0h2r6,Van,Vase,0.6185824871063232,Truck,0.6057782173156738,Bus,0.59190434217453,Window,0.5901408791542053,Oven,0.5892327427864075
/m/0pg52,Taxi,Truck,0.645359456539154,Bus,0.6331644058227539,Train,0.6111146807670593,Tire,0.5987956523895264,Tire,0.5987955331802368
/m/0qmmr,Wheelchair,Wheelchair,1.000000238418579,Chair,0.7407621145248413,Wheel,0.6901655793190002,Wheel,0.6901653409004211,Wrench,0.6430943012237549
/m/01jfm_,Vehicle registration plate,Vehicle registration plate,0.9999998211860657,Stop sign,0.6032379269599915,Seat belt,0.5874675512313843,Seat belt,0.5874675512313843,Plate,0.5869232416152954
/m/083wq,Wheel,Wheel,1.0000001192092896,Bicycle wheel,0.7613128423690796,Bicycle wheel,0.7613127827644348,Bicycle wheel,0.76131272315979,Bicycle wheel,0.76131272315979
/m/0dkzw,Seat belt,Seat belt,1.0000001192092896,Belt,0.6977989673614502,Sewing machine,0.6462522745132446,Earring,0.637219250202179,Stool,0.6342421770095825
/m/0h9mv,Tire,Tire,1.0000001192092896,Tick,0.6674091815948486,Treadmill,0.6640673875808716,Treadmill,0.6640673875808716,Tiger,0.6540175080299377
/m/01btn,Barge,Barrel,0.6233790516853333,Barrel,0.6233790516853333,Shark,0.5758853554725647,Horizontal bar,0.5557199716567993,Horizontal bar,0.5557199716567993
/m/02068x,Gondola,Train,0.6215231418609619,Treadmill,0.5920318365097046,Treadmill,0.5920318365097046,Balloon,0.5833384394645691,Helicopter,0.5773355960845947
/m/0ph39,Canoe,Paddle,0.6436365842819214,Paddle,0.6436365842819214,Kangaroo,0.6333483457565308,Cannon,0.6294049620628357,Cannon,0.6294049620628357
/m/01xs3r,Jet ski,Ski,0.8200235366821289,Ski,0.8200235366821289,Jacket,0.5989523530006409,Helicopter,0.59334397315979,Snowboard,0.5851553082466125
/m/074d1,Submarine,Dinosaur,0.6778721809387207,Skyscraper,0.6264917850494385,Swimwear,0.6205646395683289,Missile,0.6163519620895386,Missile,0.6163519620895386
/m/09ct_,Helicopter,Parachute,0.6888843774795532,Parachute,0.6888843774795532,Horse,0.6412796974182129,Heater,0.636437714099884,Chicken,0.6310966610908508
/m/0cmf2,Fixed-wing aircraft,Helicopter,0.5856595635414124,Flying disc,0.58250492811203,Flying disc,0.5825048685073853,Flying disc,0.5825048685073853,Mechanical fan,0.5644109845161438
/m/09rvcxw,Rocket,Jacket,0.723110556602478,Trumpet,0.7099907994270325,Trumpet,0.7099907994270325,Missile,0.6327503323554993,Missile,0.6327503323554993
/m/01bfm9,Shorts,Jeans,0.7031956911087036,Shirt,0.6714115142822266,Headphones,0.6648644804954529,Headphones,0.6648644804954529,Suit,0.6596792340278625
/m/01d40f,Dress,Wardrobe,0.7471886277198792,Suit,0.7330683469772339,Shirt,0.6751983761787415,Woman,0.6708568334579468,Watch,0.663469672203064
/m/01gkx_,Swimwear,Swimming pool,0.7761468887329102,Swim cap,0.7546539306640625,Bathtub,0.6630454659461975,Wardrobe,0.6614710092544556,Sunglasses,0.6593289375305176
/m/01gmv2,Brassiere,Croissant,0.5061472654342651,Vase,0.5012588500976562,Burrito,0.4973312020301819,Missile,0.4967179298400879,Missile,0.4967179298400879
/m/01krhy,Tiara,Tiara,1.0000001192092896,Tire,0.6211914420127869,Tire,0.6211913824081421,Tick,0.6005032062530518,Tiger,0.5877839922904968
/m/01n4qj,Shirt,Dress,0.6751983761787415,Shorts,0.6714115142822266,Suit,0.6707839369773865,Scarf,0.6662200093269348,Scarf,0.6662200093269348
/m/01xygc,Coat,Goat,0.6825306415557861,Suit,0.6663346290588379,Closet,0.6618518829345703,Jacket,0.6585364937782288,Suitcase,0.6253870129585266
/m/01xyhv,Suit,Suitcase,0.7651219367980957,Dress,0.7330683469772339,Wardrobe,0.6795567274093628,Shirt,0.6707839369773865,Coat,0.6663346290588379
/m/025rp__,Cowboy hat,Cowboy hat,1.0,Sun hat,0.7101771235466003,Sun hat,0.7101771235466003,Human head,0.5930104851722717,Human head,0.5930104851722717
/m/02fq_6,Fedora,Fedora,1.0000001192092896,Screwdriver,0.55916827917099,Screwdriver,0.55916827917099,Apple,0.5487567782402039,Blender,0.539242684841156
/m/02jfl0,Sombrero,Sombrero,1.0,Umbrella,0.6951192021369934,Sunglasses,0.6225698590278625,Sunglasses,0.6225698590278625,Swimwear,0.6046077013015747
/m/02wbtzl,Sun hat,Sun hat,1.0,Cowboy hat,0.7101771235466003,Cowboy hat,0.7101771235466003,Sunglasses,0.6678709387779236,Sunglasses,0.6678709387779236
/m/02h19r,Scarf,Scarf,1.0000001192092896,Shirt,0.6662200093269348,Shark,0.6639060974121094,Shelf,0.6477015018463135,Jacket,0.641569972038269
/m/01cmb2,Miniskirt,Shorts,0.6060037612915039,Shirt,0.6045870184898376,Swimwear,0.5844883322715759,Dress,0.5756899118423462,Unicycle,0.5615027546882629
/m/032b3c,Jacket,Trumpet,0.7283947467803955,Trumpet,0.7283947467803955,Rocket,0.723110556602478,Jeans,0.6730125546455383,Suit,0.6617997288703918
/m/03grzl,Baseball glove,Baseball glove,0.9999999403953552,Baseball glove,0.9999999403953552,Baseball bat,0.7396356463432312,Baseball bat,0.7396355271339417,Golf ball,0.6827241778373718
/m/0176mf,Belt,Seat belt,0.6977989673614502,Seat belt,0.6977989673614502,Tent,0.6494299173355103,Elephant,0.6136658191680908,Bidet,0.6094037294387817
/m/017ftj,Sunglasses,Sunglasses,1.0,Glasses,0.8600726127624512,Glasses,0.8600726127624512,Goggles,0.8429244756698608,Goggles,0.8429244756698608
/m/01krhy,Tiara,Tiara,1.0000001192092896,Tire,0.6211914420127869,Tire,0.6211913824081421,Tick,0.6005032062530518,Tiger,0.5877839922904968
/m/01llwg,Necklace,Earring,0.7519646883010864,Candle,0.6812878251075745,Sunglasses,0.6602020263671875,Sunglasses,0.6602020263671875,Dress,0.6556864976882935
/m/01nq26,Sock,Tick,0.6697924733161926,Scarf,0.6400281190872192,Scarf,0.6400281190872192,Fork,0.628115713596344,Fork,0.628115713596344
/m/01r546,Earring,Necklace,0.7519646883010864,Human ear,0.7491589188575745,Human ear,0.7491589188575745,Human ear,0.7491589188575745,Headphones,0.7361526489257812
/m/01rkbr,Tie,Tea,0.6561276316642761,Tick,0.6481033563613892,Tap,0.6429343223571777,Watch,0.6207932233810425,Tire,0.6185829043388367
/m/02_n6y,Goggles,Goggles,1.0,Sunglasses,0.8429244756698608,Sunglasses,0.8429244756698608,Glasses,0.8126418590545654,Glasses,0.8126418590545654
/m/025rp__,Cowboy hat,Cowboy hat,1.0,Sun hat,0.7101771235466003,Sun hat,0.7101771235466003,Human head,0.5930104851722717,Human head,0.5930104851722717
/m/02fq_6,Fedora,Fedora,1.0000001192092896,Screwdriver,0.55916827917099,Screwdriver,0.55916827917099,Apple,0.5487567782402039,Blender,0.539242684841156
/m/02jfl0,Sombrero,Sombrero,1.0,Umbrella,0.6951192021369934,Sunglasses,0.6225698590278625,Sunglasses,0.6225698590278625,Swimwear,0.6046077013015747
/m/02wbtzl,Sun hat,Sun hat,1.0,Cowboy hat,0.7101771235466003,Cowboy hat,0.7101771235466003,Sunglasses,0.6678709387779236,Sunglasses,0.6678709387779236
/m/02h19r,Scarf,Scarf,1.0000001192092896,Shirt,0.6662200093269348,Shark,0.6639060974121094,Shelf,0.6477015018463135,Jacket,0.641569972038269
/m/080hkjn,Handbag,Handbag,1.0000001192092896,Handgun,0.7588627338409424,Handgun,0.7588627338409424,Human hand,0.7389991283416748,Human hand,0.7389991283416748
/m/0gjkl,Watch,Dress,0.663469672203064,Alarm clock,0.6531922221183777,Earring,0.6426287889480591,Human eye,0.6393601298332214,Human eye,0.6393601298332214
/m/0hnnb,Umbrella,Sombrero,0.6951192021369934,Sombrero,0.6951192021369934,Sunglasses,0.6408193707466125,Sunglasses,0.6408193707466125,Goggles,0.6365736126899719
/m/0jyfg,Glasses,Glasses,1.0000001192092896,Sunglasses,0.8600726127624512,Sunglasses,0.8600726127624512,Goggles,0.8126418590545654,Goggles,0.8126418590545654
/m/0nl46,Crown,Crab,0.5392525792121887,Crab,0.5392524600028992,Crab,0.5392524600028992,Train,0.5351966619491577,Drum,0.5334630608558655
/m/04tn4x,Swim cap,Swimming pool,0.7637639045715332,Swimwear,0.7546539306640625,Human head,0.643386960029602,Human head,0.643386960029602,Human head,0.643386960029602
/m/0fly7,Jeans,Shorts,0.7031956911087036,Jacket,0.6730125546455383,Swimwear,0.651330292224884,Wardrobe,0.651311457157135,Goggles,0.6497963070869446
/m/02p3w7d,Roller skates,Roller skates,1.0,Roller skates,1.0,Rays and skates,0.7223125696182251,Skateboard,0.6833227872848511,Skateboard,0.6833227872848511
/m/01b638,Boot,Bomb,0.601365327835083,Bomb,0.601365327835083,Bottle,0.5877935886383057,Bottle,0.5877935886383057,Bottle,0.5877935886383057
/m/06k2mb,High heels,Human foot,0.7044097781181335,Human foot,0.7044097781181335,Human foot,0.7044097781181335,Woman,0.6794049143791199,Human leg,0.6693388819694519
/m/03nfch,Sandal,Stool,0.6178624629974365,High heels,0.5907940864562988,Salad,0.5811743140220642,Necklace,0.5667800903320312,Spider,0.556540310382843
/m/0h8mhzd,Sports uniform,Dress,0.6550310850143433,Football helmet,0.6547846794128418,Football helmet,0.6547846794128418,Football helmet,0.6547846794128418,Shirt,0.6321943998336792
/m/01940j,Backpack,Handbag,0.699838399887085,Handbag,0.699838399887085,Suitcase,0.6426011919975281,Plastic bag,0.6347312331199646,Bookcase,0.6308611035346985
/m/01s55n,Suitcase,Bookcase,0.7961326837539673,Suit,0.7651219367980957,Briefcase,0.7250641584396362,Closet,0.6769591569900513,Wardrobe,0.6568570733070374
/m/0584n8,Briefcase,Suitcase,0.7250641584396362,Bookcase,0.710411012172699,Whiteboard,0.6431391835212708,Shorts,0.6299386024475098,Cupboard,0.62156081199646
/m/080hkjn,Handbag,Handbag,1.0000001192092896,Handgun,0.7588627338409424,Handgun,0.7588627338409424,Human hand,0.7389991283416748,Human hand,0.7389991283416748
/m/03p3bw,Bicycle helmet,Bicycle helmet,1.0000001192092896,Bicycle helmet,1.0000001192092896,Football helmet,0.7517298460006714,Football helmet,0.7517298460006714,Football helmet,0.7517298460006714
/m/07qxg_,Football helmet,Football helmet,1.000000238418579,Football helmet,1.000000238418579,Bicycle helmet,0.7517298460006714,Bicycle helmet,0.7517298460006714,Bicycle helmet,0.7517298460006714
/m/012074,Magpie,Maple,0.5940868258476257,Monkey,0.5537570714950562,Scorpion,0.5523101091384888,Mouse,0.5468156337738037,Pig,0.5410500168800354
/m/01dy8n,Woodpecker,Caterpillar,0.6269798874855042,Chopsticks,0.5916433930397034,Chopsticks,0.5916433930397034,Chopsticks,0.5916433930397034,Chopsticks,0.5916433930397034
/m/01f8m5,Blue jay,Jeans,0.5469643473625183,Brown bear,0.5466302037239075,Teddy bear,0.5224329233169556,Teddy bear,0.5224329233169556,Banjo,0.5110157132148743
/m/05n4y,Ostrich,Oyster,0.5363250374794006,Oyster,0.5363250374794006,Oyster,0.5363250374794006,Otter,0.5170400738716125,Oboe,0.4572564959526062
/m/05z6w,Penguin,Porcupine,0.6252769231796265,Spider,0.6068764925003052,Pumpkin,0.602406919002533,Fountain,0.5813411474227905,Pen,0.5809375047683716
/m/06j2d,Raven,Rabbit,0.6264415979385376,Raccoon,0.6192551255226135,Rifle,0.5758392810821533,Rifle,0.5758392810821533,Hammer,0.5754379630088806
/m/09b5t,Chicken,Cattle,0.7165641188621521,Egg,0.7098720073699951,Sheep,0.6848238706588745,Monkey,0.6688681244850159,Dog,0.6661723256111145
/m/09csl,Eagle,Elephant,0.6505119800567627,Egg,0.6405125856399536,Tiger,0.6093876957893372,Owl,0.5908293724060059,Dog,0.5818870663642883
/m/09d5_,Owl,Otter,0.6796281933784485,Whale,0.6359613537788391,Squirrel,0.609778106212616,Skull,0.6089492440223694,Skull,0.6089492440223694
/m/09ddx,Duck,Tick,0.6526015400886536,Shark,0.6124937534332275,Sock,0.6119802594184875,Doll,0.6000397205352783,Dumbbell,0.5962273478507996
/m/0ccs93,Canary,Canoe,0.5901687145233154,Kangaroo,0.5817640423774719,Cannon,0.5747888088226318,Cannon,0.5747888088226318,Candy,0.5496121048927307
/m/0dbvp,Goose,Goat,0.6771731972694397,Goggles,0.5974382162094116,Goggles,0.5974382162094116,Tortoise,0.5528005957603455,Crocodile,0.5485085844993591
/m/0dftk,Swan,Spoon,0.5892403721809387,Spoon,0.5892403721809387,Spoon,0.5892403721809387,Spoon,0.5892403721809387,Lion,0.5834376215934753
/m/0f6wt,Falcon,Lion,0.6093204021453857,Raccoon,0.5990758538246155,Balloon,0.5792412757873535,Fox,0.5634286999702454,Snake,0.5557551980018616
/m/0gv1x,Parrot,Carrot,0.8162793517112732,Sparrow,0.6883619427680969,Rabbit,0.656738817691803,Dog,0.6456772685050964,Squirrel,0.6274604201316833
/m/0h23m,Sparrow,Parrot,0.6883619427680969,Squirrel,0.6370123028755188,Scorpion,0.6062716841697693,Scarf,0.599997341632843,Scarf,0.599997341632843
/m/0jly1,Turkey,Chicken,0.5799264907836914,Sea turtle,0.5705609321594238,Television,0.556760311126709,Television,0.556760311126709,Milk,0.5523996949195862
/m/0175cv,Tick,Sock,0.6697924733161926,Tire,0.6674091815948486,Tire,0.6674091219902039,Tap,0.6539865732192993,Duck,0.6526015400886536
/m/019h78,Centipede,Antelope,0.5853723287582397,Treadmill,0.581630289554596,Treadmill,0.581630289554596,Chainsaw,0.5740403532981873,Chainsaw,0.5740403532981873
/m/01h8tj,Starfish,Goldfish,0.7609965801239014,Jellyfish,0.7299296855926514,Shrimp,0.5891196727752686,Shrimp,0.5891196727752686,Shrimp,0.5891196727752686
/m/035vxb,Isopod,Tripod,0.6862326860427856,Tripod,0.6862326860427856,Ipod,0.6731618642807007,Ipod,0.6731618046760559,Squid,0.542897641658783
/m/09gys,Squid,Squid,1.0,Squirrel,0.6877054572105408,Skull,0.6622759103775024,Skull,0.6622759103775024,Skull,0.6622759103775024
/m/0cjq5,Lobster,Lobster,1.0000001192092896,Lobster,1.0000001192092896,Oyster,0.7183272838592529,Oyster,0.7183272838592529,Oyster,0.7183272838592529
/m/0d8zb,Jellyfish,Goldfish,0.7587225437164307,Starfish,0.7299296855926514,Dolphin,0.595066487789154,Shrimp,0.5580499768257141,Shrimp,0.5580499768257141
/m/0ll1f78,Shrimp,Shrimp,1.0000001192092896,Shrimp,1.0000001192092896,Shark,0.6706665754318237,Crab,0.6689000725746155,Crab,0.6689000129699707
/m/0n28_,Crab,Crab,1.0,Crab,0.9999998211860657,Shrimp,0.6689000129699707,Shrimp,0.6689000129699707,Shrimp,0.6689000129699707
/m/01h3n,Bee,Beer,0.6808227896690369,Beehive,0.6771891117095947,Beaker,0.6414490938186646,Beaker,0.6414490938186646,Tea,0.6405982375144958
/m/0gj37,Ladybug,Lipstick,0.5630604028701782,Lizard,0.5474146604537964,Girl,0.5468164682388306,Hedgehog,0.5418800711631775,Dumbbell,0.5400604009628296
/m/0_k2,Ant,Cat,0.6589291095733643,Tent,0.6159708499908447,Antelope,0.5943697690963745,Panda,0.5743137001991272,Monkey,0.5699348449707031
/m/0cydv,Caterpillar,Screwdriver,0.6315665245056152,Screwdriver,0.6315665245056152,Cat,0.6295371055603027,Woodpecker,0.6269798874855042,Refrigerator,0.592728853225708
/m/0cyf8,Butterfly,Dragonfly,0.7902997136116028,Chicken,0.6086437702178955,Parrot,0.6042820811271667,Squirrel,0.5987911224365234,Umbrella,0.593987762928009
/m/0ft9s,Dragonfly,Butterfly,0.7902997136116028,Chicken,0.5875948667526245,Dolphin,0.5740624666213989,Kangaroo,0.5642802119255066,Parrot,0.5631325840950012
/m/0755b,Scorpion,Squirrel,0.6432708501815796,Raccoon,0.6397305727005005,Snake,0.6352820992469788,Lion,0.6321512460708618,Sword,0.6101385951042175
/m/084hf,Worm,Chicken,0.6227889060974121,Egg,0.6213781237602234,Spider,0.6181333065032959,Whale,0.6045686602592468,Window,0.5853064060211182
/m/09kmb,Spider,Tiger,0.6425269842147827,Leopard,0.6377947926521301,Snake,0.6365579962730408,Shark,0.6236094236373901,Monkey,0.6215063333511353
/m/0_cp5,Oyster,Oyster,1.0000001192092896,Oyster,1.0000001192092896,Lobster,0.7183272838592529,Lobster,0.7183272838592529,Lobster,0.7183272838592529
/m/0f9_l,Snail,Snake,0.709068238735199,Squirrel,0.6627029180526733,Knife,0.6367241144180298,Knife,0.6367241144180298,Knife,0.6367241144180298
/m/01h44,Bat (Animal),Baseball bat,0.6868773698806763,Baseball bat,0.6868773102760315,Jaguar (Animal),0.6656027436256409,Cat,0.638487696647644,Dog,0.6261265277862549
/m/01dxs,Brown bear,Polar bear,0.741139829158783,Teddy bear,0.6796544194221497,Teddy bear,0.6796544194221497,Dog,0.6241209506988525,Beer,0.5974151492118835
/m/03bj1,Panda,Red panda,0.7416893839836121,Candy,0.630337655544281,Monkey,0.6247777342796326,Dog,0.6198896169662476,Spider,0.6196999549865723
/m/0633h,Polar bear,Brown bear,0.741139829158783,Teddy bear,0.6793117523193359,Teddy bear,0.6793117523193359,Leopard,0.5973880290985107,Dog,0.582244873046875
/m/0kmg4,Teddy bear,Teddy bear,1.0,Brown bear,0.6796544194221497,Polar bear,0.6793117523193359,Dog bed,0.5900181531906128,Dog,0.5887008905410767
/m/01yrx,Cat,Cat furniture,0.7550588846206665,Cart,0.6806674003601074,Ant,0.6589291095733643,Carrot,0.6570955514907837,Bat (Animal),0.638487696647644
/m/0306r,Fox,Fax,0.70151686668396,Axe,0.6528223752975464,Axe,0.6528223752975464,Axe,0.6528223752975464,Axe,0.6528223752975464
/m/0449p,Jaguar (Animal),Bat (Animal),0.6656027436256409,Dog,0.6409294605255127,Tiger,0.5689951181411743,Horse,0.5408309698104858,Kangaroo,0.5367660522460938
/m/04g2r,Lynx,Fox,0.5988425612449646,Lion,0.5616282224655151,Axe,0.551282525062561,Axe,0.551282525062561,Axe,0.551282525062561
/m/06l9r,Red panda,Panda,0.7416893839836121,Leopard,0.6012377738952637,Dog bed,0.575555682182312,Teddy bear,0.5727716684341431,Teddy bear,0.5727716684341431
/m/07dm6,Tiger,Lion,0.6740090847015381,Tire,0.6540175080299377,Tire,0.6540175080299377,Spider,0.6425269842147827,Leopard,0.6336076855659485
/m/096mb,Lion,Sea lion,0.7025496959686279,Leopard,0.6910194754600525,Tiger,0.6740090847015381,Dog,0.6494652628898621,Monkey,0.645052969455719
/m/0bt9lr,Dog,Dog bed,0.7866421937942505,Hot dog,0.7562713027000427,Horse,0.7310225963592529,Pig,0.6878544688224792,Human foot,0.6663520336151123
/m/0c29q,Leopard,Lion,0.6910194754600525,Spider,0.6377947926521301,Lizard,0.6367424130439758,Tiger,0.6336076855659485,Monkey,0.6201525926589966
/m/0cd4d,Cheetah,Sheep,0.6257894039154053,Cheese,0.5834636688232422,Peach,0.5754820108413696,Jacket,0.568204402923584,Deer,0.565833568572998
/m/0cn6p,Otter,Oyster,0.7035731077194214,Oyster,0.7035731077194214,Oyster,0.7035731077194214,Owl,0.6796281933784485,Oven,0.6375910639762878
/m/0dq75,Raccoon,Spoon,0.651311457157135,Spoon,0.651311457157135,Spoon,0.651311457157135,Spoon,0.651311457157135,Snake,0.6440034508705139
/m/01x_v,Camel,Cream,0.5791098475456238,Sheep,0.5781428813934326,Owl,0.5761428475379944,Cattle,0.5743188858032227,Maple,0.5691114068031311
/m/01xq0k1,Cattle,Sheep,0.762442946434021,Chicken,0.7165641188621521,Horse,0.7071100473403931,Egg,0.6306954026222229,Cabbage,0.6241356134414673
/m/03bk1,Giraffe,Elephant,0.6100703477859497,Whale,0.5967444777488708,Waffle,0.5915204286575317,Squirrel,0.5880671143531799,Lizard,0.5795665383338928
/m/03d443,Rhinoceros,Dinosaur,0.6340417861938477,Binoculars,0.6205229759216309,Binoculars,0.6205229759216309,Raccoon,0.5879061222076416,Kangaroo,0.5761982798576355
/m/03fwl,Goat,Coat,0.6825306415557861,Goose,0.6771731972694397,Rabbit,0.6430609822273254,Sheep,0.629621684551239,Parrot,0.6179088354110718
/m/03k3r,Horse,Dog,0.7310225963592529,Sheep,0.7097780704498291,Cattle,0.7071100473403931,Helicopter,0.6412796974182129,Seahorse,0.6372601985931396
/m/03qrc,Hamster,Lobster,0.6905957460403442,Lobster,0.6905957460403442,Lobster,0.6905957460403442,Hamburger,0.6659867763519287,Oyster,0.649626612663269
/m/04c0y,Kangaroo,Canoe,0.6333483457565308,Koala,0.6154187917709351,Dog,0.6127283573150635,Parrot,0.5957566499710083,Squirrel,0.5845944881439209
/m/04cp_,Koala,Kangaroo,0.6154187917709351,Dog,0.5987057685852051,Whale,0.578991711139679,Raccoon,0.5672076940536499,Deer,0.5670860409736633
/m/04rmv,Mouse,Computer mouse,0.8557825088500977,Computer mouse,0.8557825088500977,Monkey,0.6778128743171692,Window,0.6715570092201233,Dog,0.6465122699737549
/m/068zj,Pig,Dog,0.6878544688224792,Egg,0.6486910581588745,Pizza,0.618416428565979,Lion,0.61812424659729,Tiger,0.6155248880386353
/m/06mf6,Rabbit,Elephant,0.6615114808082581,Parrot,0.656738817691803,Goat,0.6430609822273254,Bidet,0.6320254802703857,Raven,0.6264415979385376
/m/071qp,Squirrel,Squid,0.6877054572105408,Squid,0.6877054572105408,Snake,0.6870453357696533,Snail,0.6627029180526733,Skull,0.6478367447853088
/m/07bgp,Sheep,Cattle,0.762442946434021,Horse,0.7097780704498291,Chicken,0.6848238706588745,Dog,0.6603485941886902,Deer,0.6521127820014954
/m/0898b,Zebra,Umbrella,0.5618859529495239,Koala,0.5585702061653137,Sheep,0.5510186553001404,Lizard,0.5443294644355774,Dinosaur,0.5122135877609253
/m/08pbxl,Monkey,Mouse,0.6778128743171692,Chicken,0.6688681244850159,Dog,0.660576581954956,Snake,0.6506698131561279,Lion,0.645052969455719
/m/09f20,Hippopotamus,Rhinoceros,0.5378732681274414,Flowerpot,0.5297572016716003,Flowerpot,0.5297572016716003,Potato,0.5163115859031677,Harpsichord,0.5094276070594788
/m/09kx5,Deer,Sheep,0.6521127820014954,Desk,0.645308256149292,Dog,0.6289297342300415,Grinder,0.6155505180358887,Grinder,0.6155505180358887
/m/0bwd_0j,Elephant,Rabbit,0.6615114808082581,Eagle,0.6505119800567627,Dolphin,0.6335898637771606,Lion,0.6294931769371033,Parrot,0.6267430782318115
/m/0c568,Porcupine,Penguin,0.6252769231796265,Tortoise,0.6199867725372314,Perfume,0.5894120335578918,Chopsticks,0.5871416330337524,Chopsticks,0.5871416330337524
/m/0cl4p,Hedgehog,Segway,0.6435669660568237,Dog,0.6017540693283081,Tiger,0.5796018242835999,Sparrow,0.5764362215995789,Helicopter,0.5736633539199829
/m/0cnyhnx,Bull,Dog,0.6587004661560059,Skull,0.6028570532798767,Skull,0.6028570532798767,Skull,0.6028570532798767,Horse,0.5956788063049316
/m/0czz2,Antelope,Envelope,0.692267656326294,Ant,0.5943697690963745,Centipede,0.5853723287582397,Artichoke,0.5693730115890503,Giraffe,0.5322778820991516
/m/0dbzx,Mule,Mug,0.6293841004371643,Vase,0.6234254837036133,Oboe,0.620445728302002,Oboe,0.620445728302002,Maple,0.6042826771736145
/m/02hj4,Dolphin,Elephant,0.6335898637771606,Shrimp,0.6007367968559265,Shrimp,0.6007367968559265,Shrimp,0.6007367968559265,Jellyfish,0.595066487789154
/m/084zz,Whale,Owl,0.6359613537788391,Snake,0.6341264247894287,Wok,0.6338458061218262,Shark,0.6265585422515869,Whisk,0.6253336071968079
/m/0gd36,Sea lion,Sea turtle,0.7748106122016907,Lion,0.7025496959686279,Seahorse,0.6281755566596985,Harbor seal,0.6036644577980042,Polar bear,0.5800570249557495
/m/02l8p9,Harbor seal,Sea lion,0.6036644577980042,Sea turtle,0.5680081844329834,Harp,0.5659732818603516,Harp,0.5659732818603516,Polar bear,0.5516480803489685
/m/0km7z,Skunk,Snake,0.6753193140029907,Skull,0.6645925045013428,Skull,0.6645925045013428,Skull,0.6645925045013428,Shark,0.6286028623580933
/m/0pcr,Alpaca,Peach,0.5434382557868958,Pancake,0.5418576598167419,Pizza,0.5417621731758118,Koala,0.5256443619728088,Necklace,0.5253425240516663
/m/0xfy,Armadillo,Treadmill,0.5446258187294006,Treadmill,0.5446258187294006,Umbrella,0.5330268144607544,Missile,0.5324453115463257,Missile,0.5324453115463257
/m/029tx,Dinosaur,Submarine,0.6778721809387207,Skyscraper,0.6708173155784607,Raccoon,0.6410985589027405,Rhinoceros,0.6340417861938477,Snake,0.6081505417823792
/m/04m9y,Lizard,Ladder,0.6760061979293823,Ladder,0.6760061979293823,Beard,0.6565686464309692,Beard,0.6565685272216797,Beard,0.6565685272216797
/m/078jl,Snake,Snail,0.709068238735199,Squirrel,0.6870453357696533,Skull,0.6762771010398865,Skull,0.6762771010398865,Skull,0.6762771010398865
/m/011k07,Tortoise,Tomato,0.6231676340103149,Tomato,0.6231676340103149,Porcupine,0.6199867725372314,Cake,0.6021910905838013,Torch,0.5911571383476257
/m/0120dh,Sea turtle,Sea lion,0.7748106122016907,Seahorse,0.6579095721244812,Whale,0.5891141295433044,Turkey,0.5705609321594238,Harbor seal,0.5680081844329834
/m/09f_2,Crocodile,Raccoon,0.6307901740074158,Whale,0.6168135404586792,Dinosaur,0.5974770784378052,Monkey,0.5912452936172485,Snake,0.5843485593795776
/m/09ld4,Frog,Parrot,0.5818238854408264,Dog,0.5730724930763245,Egg,0.5712751150131226,Jug,0.5692827105522156,Jug,0.5692827105522156
/m/03fj2,Goldfish,Starfish,0.7609965801239014,Jellyfish,0.7587225437164307,Dolphin,0.5538231134414673,Shrimp,0.5442050099372864,Shrimp,0.5442050099372864
/m/0by6g,Shark,Shrimp,0.6706665754318237,Shrimp,0.6706665754318237,Shrimp,0.6706665754318237,Snake,0.6667942404747009,Scarf,0.6639060974121094
/m/0m53l,Rays and skates,Roller skates,0.7223126292228699,Roller skates,0.7223125696182251,Roller skates,0.7223125696182251,Bow and arrow,0.6276851892471313,Bow and arrow,0.6276851892471313
/m/0nybt,Seahorse,Sea turtle,0.6579095721244812,Horse,0.6372601985931396,Sea lion,0.6281755566596985,Whale,0.6045243144035339,Sparrow,0.572960615158081
/m/0_cp5,Oyster,Oyster,1.0000001192092896,Oyster,1.0000001192092896,Lobster,0.7183272838592529,Lobster,0.7183272838592529,Lobster,0.7183272838592529
/m/0cjq5,Lobster,Lobster,1.0000001192092896,Lobster,1.0000001192092896,Oyster,0.7183272838592529,Oyster,0.7183272838592529,Oyster,0.7183272838592529
/m/0ll1f78,Shrimp,Shrimp,1.0000001192092896,Shrimp,1.0000001192092896,Shark,0.6706665754318237,Crab,0.6689000725746155,Crab,0.6689000129699707
/m/0n28_,Crab,Crab,1.0,Crab,0.9999998211860657,Shrimp,0.6689000129699707,Shrimp,0.6689000129699707,Shrimp,0.6689000129699707
/m/02xb7qb,Face powder,Human face,0.6419398784637451,Human face,0.6419398784637451,Human face,0.6419398784637451,Hair spray,0.5722822546958923,Facial tissue holder,0.571434736251831
/m/05w9t9,Hair spray,Cooking spray,0.7454765439033508,Human hair,0.7198246717453003,Human hair,0.7198246717453003,Human hair,0.7198246717453003,Hair dryer,0.7184826135635376
/m/06c7f7,Lipstick,Chopsticks,0.6621546745300293,Chopsticks,0.6621546745300293,Chopsticks,0.6621546745300293,Chopsticks,0.6621546745300293,Toothbrush,0.6253615617752075
/m/0p833,Perfume,Pomegranate,0.6217819452285767,Candle,0.6170858144760132,Cake,0.6103215217590332,Lipstick,0.6100365519523621,Wardrobe,0.6046833395957947
/m/012xff,Toothbrush,Toothbrush,1.0000001192092896,Toothbrush,1.0000001192092896,Cutting board,0.6579540371894836,Cutting board,0.6579540371894836,Cutting board,0.6579540371894836
/m/017ftj,Sunglasses,Sunglasses,1.0,Glasses,0.8600726127624512,Glasses,0.8600726127624512,Goggles,0.8429244756698608,Goggles,0.8429244756698608
/m/02_n6y,Goggles,Goggles,1.0,Sunglasses,0.8429244756698608,Sunglasses,0.8429244756698608,Glasses,0.8126418590545654,Glasses,0.8126418590545654
/m/05441v,Crutch,Wrench,0.7193342447280884,Wrench,0.7193342447280884,Bench,0.6238325238227844,Stretcher,0.6174414753913879,Stretcher,0.6174414753913879
/m/08p92x,Cream,Ice cream,0.7545046210289001,Milk,0.5996642708778381,Tart,0.5793177485466003,Camel,0.5791098475456238,Lamp,0.5777613520622253
/m/0f571,Diaper,Beaker,0.5883967280387878,Beaker,0.5883967280387878,Dishwasher,0.5760474801063538,Dishwasher,0.5760474801063538,Backpack,0.5738877058029175
/m/0jyfg,Glasses,Glasses,1.0000001192092896,Sunglasses,0.8600726127624512,Sunglasses,0.8600726127624512,Goggles,0.8126418590545654,Goggles,0.8126418590545654
/m/0qmmr,Wheelchair,Wheelchair,1.000000238418579,Chair,0.7407621145248413,Wheel,0.6901655793190002,Wheel,0.6901653409004211,Wrench,0.6430943012237549
/m/012ysf,Syringe,Syringe,1.000000238418579,Earring,0.6873606443405151,Rifle,0.6267262697219849,Rifle,0.6267262697219849,Missile,0.6000537872314453
/m/02lbcq,Stretcher,Stretcher,0.9999999403953552,Drawer,0.6486131548881531,Heater,0.6401086449623108,Stapler,0.6326170563697815,Mixer,0.6308761239051819
/m/073g6,Stethoscope,Stethoscope,0.9999999403953552,Stool,0.6142469644546509,Treadmill,0.6105840802192688,Treadmill,0.6105840802192688,Microphone,0.6077443361282349
/m/0j496,Band-aid,Band-aid,1.0,Human hand,0.6423773169517517,Human hand,0.6423773169517517,Human hand,0.6423773169517517,Earring,0.6325680017471313
/m/013y1f,Organ (Musical Instrument),Organ (Musical Instrument),1.0,Violin,0.6286110281944275,Violin,0.6286110281944275,Piano,0.6000253558158875,Piano,0.6000253558158875
/m/018j2,Banjo,Banjo,1.000000238418579,Cello,0.6316831707954407,Cello,0.6316831707954407,Piano,0.6270509362220764,Piano,0.6270509362220764
/m/01xqw,Cello,Cello,1.0000001192092896,Violin,0.76421058177948,Violin,0.76421058177948,Piano,0.7546266913414001,Piano,0.7546266913414001
/m/026t6,Drum,Drum,1.0000001192092896,Piano,0.6453408598899841,Piano,0.6453408598899841,Guitar,0.6313273310661316,Guitar,0.6313273310661316
/m/0319l,French horn,French horn,1.0,French fries,0.5970631241798401,Human ear,0.5488961338996887,Human ear,0.5488961338996887,Human ear,0.5488961338996887
/m/0342h,Guitar,Guitar,1.0,Piano,0.7357283234596252,Piano,0.7357283234596252,Violin,0.7330632209777832,Violin,0.7330632209777832
/m/03m5k,Harp,Harp,1.0,Harpsichord,0.6928069591522217,Harpsichord,0.6928069591522217,Scarf,0.6248171329498291,Scarf,0.6248171329498291
/m/03q5t,Harpsichord,Harpsichord,0.9999998807907104,Harp,0.6928069591522217,Harp,0.6928069591522217,Saxophone,0.6008689403533936,Saxophone,0.6008689403533936
/m/03qjg,Harmonica,Harmonica,1.0,Piano,0.5577186942100525,Piano,0.5577186942100525,Violin,0.5555798411369324,Violin,0.5555798411369324
/m/057cc,Musical keyboard,Musical keyboard,1.0000001192092896,Musical keyboard,1.0,Computer keyboard,0.7799399495124817,Computer keyboard,0.7799399495124817,Piano,0.7136886715888977
/m/05kms,Oboe,Oboe,1.0,Canoe,0.6219531893730164,Mule,0.620445728302002,Owl,0.607296884059906,Vase,0.5992854237556458
/m/05r5c,Piano,Piano,1.0000001192092896,Violin,0.7573223114013672,Violin,0.7573223114013672,Cello,0.7546266913414001,Cello,0.7546266913414001
/m/06ncr,Saxophone,Saxophone,1.0,Cello,0.7329522371292114,Cello,0.7329522371292114,Violin,0.7249332070350647,Violin,0.7249332070350647
/m/07c6l,Trombone,Trombone,1.000000238418579,Treadmill,0.6152709722518921,Treadmill,0.6152709722518921,Microphone,0.6107288599014282,Microphone,0.6107288599014282
/m/07gql,Trumpet,Trumpet,0.9999998211860657,Jacket,0.7283947467803955,Rocket,0.7099907994270325,Violin,0.6552809476852417,Violin,0.6552809476852417
/m/07y_7,Violin,Violin,1.0000001192092896,Cello,0.76421058177948,Cello,0.76421058177948,Piano,0.7573223114013672,Piano,0.7573223114013672
/m/0f8s22,Chime,Chime,1.0000001192092896,Kite,0.6045970916748047,Chisel,0.5892739295959473,Chisel,0.5892739295959473,Shrimp,0.5848517417907715
/m/0l14j_,Flute,Flute,1.0000001192092896,Fountain,0.6819151639938354,Violin,0.6781765222549438,Violin,0.6781765222549438,Trumpet,0.6269773244857788
/m/0mkg,Accordion,Accordion,1.0000001192092896,Harpsichord,0.6004568338394165,Harpsichord,0.6004568338394165,Scorpion,0.5985324382781982,Violin,0.5681095123291016
/m/0xzly,Maraca,Maraca,1.0,Harmonica,0.4952319264411926,Harmonica,0.4952319264411926,Motorcycle,0.47929197549819946,Football,0.47572383284568787
/m/014y4n,Paddle,Paddle,0.9999999403953552,Ladder,0.650242269039154,Ladder,0.650242269039154,Canoe,0.6436365842819214,Swimming pool,0.6339275240898132
/m/01226z,Football,Football,1.0000001192092896,Football helmet,0.6701707243919373,Football helmet,0.6701707243919373,Football helmet,0.6701707243919373,Rugby ball,0.663263738155365
/m/02ctlc,Cricket ball,Cricket ball,1.0,Rugby ball,0.7882882952690125,Rugby ball,0.7882882952690125,Golf ball,0.7694216966629028,Golf ball,0.7694216966629028
/m/02rgn06,Volleyball (Ball),Volleyball (Ball),1.000000238418579,Tennis ball,0.5816170573234558,Tennis ball,0.5816170573234558,Football,0.5408437252044678,Football,0.5408437252044678
/m/05ctyq,Tennis ball,Tennis ball,1.0,Golf ball,0.7600278258323669,Golf ball,0.7600278258323669,Cricket ball,0.7555984854698181,Cricket ball,0.7555984854698181
/m/0wdt60w,Rugby ball,Rugby ball,1.0,Cricket ball,0.7882882952690125,Cricket ball,0.7882882952690125,Tennis ball,0.725832998752594,Tennis ball,0.725832998752594
/m/01bqk0,Bicycle wheel,Bicycle wheel,1.0,Bicycle wheel,0.9999999403953552,Bicycle wheel,0.9999998807907104,Wheel,0.7613129615783691,Wheel,0.76131272315979
/m/019w40,Surfboard,Surfboard,1.0000001192092896,Snowboard,0.809689998626709,Snowboard,0.809689998626709,Skateboard,0.7611640691757202,Skateboard,0.7611640691757202
/m/01g3x7,Bow and arrow,Bow and arrow,1.0,Bow and arrow,1.0,Bow and arrow,1.0,Rays and skates,0.6276851892471313,Human hand,0.6208065152168274
/m/0268lbt,Hiking equipment,Hiking equipment,1.0,Bowling equipment,0.642487108707428,Bowling equipment,0.642487108707428,Bicycle helmet,0.594886839389801,Bicycle helmet,0.594886839389801
/m/02p3w7d,Roller skates,Roller skates,1.0,Roller skates,1.0,Rays and skates,0.7223125696182251,Skateboard,0.6833227872848511,Skateboard,0.6833227872848511
/m/02wmf,Flying disc,Flying disc,1.000000238418579,Flying disc,1.000000238418579,Rays and skates,0.5947551131248474,Roller skates,0.5939520001411438,Roller skates,0.5939520001411438
/m/03g8mr,Baseball bat,Baseball bat,0.9999999403953552,Baseball glove,0.7396356463432312,Baseball glove,0.7396356463432312,Baseball glove,0.7396356463432312,Cricket ball,0.6926875710487366
/m/03grzl,Baseball glove,Baseball glove,0.9999999403953552,Baseball glove,0.9999999403953552,Baseball bat,0.7396356463432312,Baseball bat,0.7396355271339417,Golf ball,0.6827241778373718
/m/0420v5,Punching bag,Punching bag,1.0000001192092896,Plastic bag,0.6731017231941223,Mixing bowl,0.6500383019447327,Handbag,0.6304969787597656,Handbag,0.6304969787597656
/m/044r5d,Golf ball,Golf ball,1.0000001192092896,Golf cart,0.7736951112747192,Cricket ball,0.7694216966629028,Cricket ball,0.7694216966629028,Tennis ball,0.7600278258323669
/m/054xkw,Personal flotation device,Personal flotation device,1.0,Paddle,0.5811283588409424,Paddle,0.5811283588409424,Swim cap,0.5667929649353027,Flying disc,0.5591157078742981
/m/057p5t,Scoreboard,Scoreboard,0.9999997615814209,Snowboard,0.7210531830787659,Snowboard,0.7210531830787659,Whiteboard,0.7032901048660278,Cupboard,0.6974548101425171
/m/06__v,Snowboard,Snowboard,1.000000238418579,Skateboard,0.819665253162384,Skateboard,0.819665253162384,Surfboard,0.809689998626709,Surfboard,0.809689998626709
/m/06_fw,Skateboard,Skateboard,1.0000001192092896,Snowboard,0.819665253162384,Snowboard,0.819665253162384,Surfboard,0.7611640691757202,Surfboard,0.7611640691757202
/m/071p9,Ski,Ski,1.0000001192092896,Jet ski,0.8200235366821289,Snowboard,0.6400919556617737,Snowboard,0.6400919556617737,Tire,0.594866156578064
/m/07pj7bq,Bowling equipment,Bowling equipment,1.0,Bowl,0.7066302299499512,Mixing bowl,0.6984936594963074,Hiking equipment,0.642487108707428,Hiking equipment,0.642487108707428
/m/04h8sr,Dumbbell,Dumbbell,1.0000001192092896,Duck,0.5962273478507996,Doll,0.5898672938346863,Doughnut,0.58918696641922,Umbrella,0.586963951587677
/m/03kt2w,Stationary bicycle,Stationary bicycle,0.9999998807907104,Bicycle wheel,0.6954314708709717,Bicycle wheel,0.6954314708709717,Bicycle wheel,0.6954314708709717,Bicycle wheel,0.6954313516616821
/m/030610,Treadmill,Treadmill,1.0000001192092896,Stairs,0.672942578792572,Tire,0.6640675067901611,Tire,0.6640673875808716,Train,0.6582197546958923
/m/076lb9,Training bench,Training bench,1.0000001192092896,Bench,0.7971429824829102,Studio couch,0.6508947610855103,Sports uniform,0.6272382736206055,Chair,0.6239049434661865
/m/03wym,Indoor rower,Indoor rower,1.0,Roller skates,0.6136453151702881,Roller skates,0.6136453151702881,Roller skates,0.6136451959609985,Stationary bicycle,0.6013884544372559
/m/0cqn2,Horizontal bar,Horizontal bar,0.9999999403953552,Cutting board,0.6316604018211365,Cutting board,0.6316602826118469,Cutting board,0.6316602826118469,Human hand,0.6033067107200623
/m/0cyfs,Parachute,Parachute,1.0000001192092896,Helicopter,0.6888843774795532,Treadmill,0.6410371661186218,Treadmill,0.6410371661186218,Skateboard,0.6329776644706726
/m/0h8my_4,Tennis racket,Tennis racket,1.0,Table tennis racket,0.9214935302734375,Table tennis racket,0.9214935302734375,Tennis ball,0.7286761999130249,Tennis ball,0.7286761999130249
/m/05_5p_0,Table tennis racket,Table tennis racket,1.000000238418579,Tennis racket,0.921493649482727,Tennis racket,0.9214935302734375,Tennis ball,0.6808093190193176,Tennis ball,0.6808093190193176
/m/0l3ms,Balance beam,Balance beam,0.9999999403953552,Light bulb,0.5782329440116882,Horizontal bar,0.5597866177558899,Horizontal bar,0.5597866177558899,Picture frame,0.5581385493278503
/m/03p3bw,Bicycle helmet,Bicycle helmet,1.0000001192092896,Bicycle helmet,1.0000001192092896,Football helmet,0.7517298460006714,Football helmet,0.7517298460006714,Football helmet,0.7517298460006714
/m/07qxg_,Football helmet,Football helmet,1.000000238418579,Football helmet,1.000000238418579,Bicycle helmet,0.7517298460006714,Bicycle helmet,0.7517298460006714,Bicycle helmet,0.7517298460006714
/m/04p0qw,Billiard table,Billiard table,1.0,Coffee table,0.6793230772018433,Kitchen & dining room table,0.6753079295158386,Table tennis racket,0.6594696044921875,Table tennis racket,0.6594696044921875
/m/02jnhm,Tin can,Tin can,1.0,Plastic bag,0.6184810400009155,Mixing bowl,0.6086465120315552,Coffee cup,0.5976479053497314,Wine glass,0.5937392115592957
/m/02zn6n,Barrel,Barrel,1.0000001192092896,Bottle,0.6995018720626831,Bottle,0.6995018720626831,Bottle,0.6995018720626831,Beer,0.6306818723678589
/m/04dr76w,Bottle,Bottle,1.0,Bottle,1.0,Bottle opener,0.7575531005859375,Bottle opener,0.757552981376648,Bottle opener,0.757552981376648
/m/07kng9,Picnic basket,Picnic basket,1.0000001192092896,Plastic bag,0.652874231338501,Wine glass,0.6162360310554504,Backpack,0.6160594820976257,Mixing bowl,0.6150062680244446
/m/08hvt4,Jug,Jug,1.0,Jug,1.0,Juice,0.6809919476509094,Mug,0.6004540920257568,Frog,0.5692827105522156
/m/0bjyj5,Waste container,Waste container,1.0000001192092896,Bathroom cabinet,0.6577480435371399,Washing machine,0.6570883989334106,Plastic bag,0.6493160128593445,Toilet,0.6303126215934753
/m/0d20w4,Beaker,Beaker,1.0000001192092896,Heater,0.6768456101417542,Mixer,0.6486238837242126,Mixer,0.6486238837242126,Bee,0.6414490938186646
/m/0fm3zh,Flowerpot,Flowerpot,1.0,Teapot,0.7721988558769226,Houseplant,0.6190524101257324,Flashlight,0.5993863344192505,Flashlight,0.5993863344192505
/m/012w5l,Ladder,Ladder,1.000000238418579,Stairs,0.7240875363349915,Lantern,0.6857773661613464,Ladle,0.6783024668693542,Ladle,0.6783024668693542
/m/012xff,Toothbrush,Toothbrush,1.0000001192092896,Toothbrush,1.0000001192092896,Cutting board,0.6579540371894836,Cutting board,0.6579540371894836,Cutting board,0.6579540371894836
/m/01bms0,Screwdriver,Screwdriver,0.9999999403953552,Scissors,0.672731876373291,Scissors,0.672731876373291,Scissors,0.672731876373291,Blender,0.6542776226997375
/m/01d380,Drill (Tool),Drill (Tool),1.0000003576278687,Screwdriver,0.6459986567497253,Screwdriver,0.6459986567497253,Nail (Construction),0.6102579236030579,Nail (Construction),0.6102579236030579
/m/01j4z9,Chainsaw,Chainsaw,1.0,Scissors,0.6264140605926514,Scissors,0.6264140605926514,Scissors,0.6264140605926514,Knife,0.6213597059249878
/m/01j5ks,Wrench,Wrench,1.0000001192092896,Bench,0.760840892791748,Crutch,0.7193342447280884,Wheel,0.6821553707122803,Wheel,0.6821553111076355
/m/01kb5b,Flashlight,Flashlight,1.0000001192092896,Light bulb,0.6664450764656067,Street light,0.6637043356895447,Traffic light,0.6574708819389343,Light switch,0.654309093952179
/m/01lsmm,Scissors,Scissors,0.9999999403953552,Scissors,0.9999999403953552,Screwdriver,0.672731876373291,Screwdriver,0.672731876373291,Eraser,0.6692306399345398
/m/02bm9n,Ratchet (Device),Ratchet (Device),1.0,Wrench,0.603718638420105,Wrench,0.603718638420105,Headphones,0.5859531760215759,Headphones,0.5859531760215759
/m/01_5g,Chopsticks,Chopsticks,1.0000001192092896,Chopsticks,1.0000001192092896,Chopsticks,1.0000001192092896,Lipstick,0.6621546745300293,Shorts,0.6182794570922852
/m/027rl48,Ladle,Ladle,1.0,Ladle,1.0,Ladder,0.6783024668693542,Ladder,0.6783024668693542,Paddle,0.6248573064804077
/m/02d1br,Spatula,Spatula,0.9999998807907104,Spatula,0.9999998807907104,Stool,0.6733149886131287,Shotgun,0.6661702394485474,Shotgun,0.6661702394485474
/m/02mqfb,Can opener,Can opener,1.000000238418579,Can opener,1.000000238418579,Bottle opener,0.6559803485870361,Bottle opener,0.6559803485870361,Bottle opener,0.6559803485870361
/m/02pdsw,Cutting board,Cutting board,1.0000001192092896,Cutting board,1.0000001192092896,Paper cutter,0.7997254729270935,Pizza cutter,0.7128598093986511,Pizza cutter,0.7128598093986511
/m/02vwcm,Whisk,Whisk,1.000000238418579,Whisk,1.000000238418579,Wok,0.6854519844055176,Whale,0.6253336071968079,Wrench,0.592965841293335
/m/03v5tg,Drinking straw,Drinking straw,0.9999998807907104,Drinking straw,0.9999998807907104,Serving tray,0.6880655288696289,Human mouth,0.6744654774665833,Human mouth,0.6744654178619385
/m/04ctx,Knife,Knife,0.9999999403953552,Knife,0.9999999403953552,Knife,0.9999999403953552,Knife,0.9999999403953552,Kitchen knife,0.7423321604728699
/m/04f5ws,Bottle opener,Bottle opener,0.9999998211860657,Bottle opener,0.9999997615814209,Bottle,0.757552981376648,Bottle,0.757552981376648,Bottle,0.757552981376648
/m/07v9_z,Measuring cup,Measuring cup,0.9999998211860657,Measuring cup,0.9999997615814209,Coffee cup,0.764664888381958,Drinking straw,0.6425439715385437,Drinking straw,0.6425439715385437
/m/08ks85,Pizza cutter,Pizza cutter,1.000000238418579,Pizza cutter,1.000000238418579,Paper cutter,0.7996038198471069,Pizza,0.7281168103218079,Cutting board,0.7128598093986511
/m/0cmx8,Spoon,Spoon,1.0000001192092896,Spoon,1.0000001192092896,Spoon,1.0000001192092896,Spatula,0.6586855053901672,Spatula,0.6586855053901672
/m/0dt3t,Fork,Fork,0.9999999403953552,Fork,0.9999999403953552,Fork,0.9999999403953552,Shark,0.6513156890869141,Sock,0.628115713596344
/m/03l9g,Hammer,Hammer,1.0000001192092896,Hamster,0.603678822517395,Hamburger,0.6015180349349976,Harp,0.5906559228897095,Harp,0.5906559228897095
/m/03txqz,Scale,Scale,0.9999998807907104,Stairs,0.6272814273834229,Ladder,0.6177544593811035,Ladder,0.6177544593811035,Plate,0.61164790391922
/m/04vv5k,Snowplow,Snowplow,1.0,Snowboard,0.6324720978736877,Snowboard,0.6324720978736877,Snowmobile,0.6098509430885315,Snowman,0.5980891585350037
/m/05bm6,Nail (Construction),Nail (Construction),1.000000238418579,Drill (Tool),0.6102579236030579,Drill (Tool),0.6102579236030579,Human foot,0.5646728277206421,Human foot,0.5646728277206421
/m/073bxn,Tripod,Tripod,1.0000001192092896,Isopod,0.6862326860427856,Ipod,0.6168540120124817,Ipod,0.6168539524078369,Teapot,0.5485848188400269
/m/07dd4,Torch,Torch,0.9999999403953552,Porch,0.6818631291389465,Wrench,0.649711549282074,Wrench,0.649711549282074,Bench,0.6392545700073242
/m/0_dqb,Chisel,Chisel,1.0000001192092896,Chime,0.5892739295959473,Chime,0.5892739295959473,Cheese,0.5005806088447571,Pretzel,0.49817413091659546
/m/0c2jj,Axe,Axe,1.0000001192092896,Axe,1.0000001192092896,Axe,1.0000001192092896,Fox,0.6528223752975464,Rifle,0.6086536645889282
/m/0dv5r,Camera,Camera,1.0000001192092896,Picture frame,0.7157040238380432,Window,0.6517314910888672,Microphone,0.6503320932388306,Microphone,0.6503320932388306
/m/0h8jyh6,Grinder,Grinder,1.0,Mixer,0.7473479509353638,Mixer,0.7473479509353638,Blender,0.7413555383682251,Blender,0.7413555383682251
/m/0hdln,Ruler,Ruler,0.9999999403953552,Rifle,0.641024112701416,Rifle,0.641024112701416,Grinder,0.6121751070022583,Grinder,0.6121751070022583
/m/0lt4_,Binoculars,Binoculars,1.0,Sunglasses,0.7116813063621521,Sunglasses,0.7116813063621521,Goggles,0.7080390453338623,Goggles,0.7080390453338623
/m/01g3x7,Bow and arrow,Bow and arrow,1.0,Bow and arrow,1.0,Bow and arrow,1.0,Rays and skates,0.6276851892471313,Human hand,0.6208065152168274
/m/020kz,Cannon,Cannon,1.0,Canoe,0.6294049620628357,Balloon,0.6016749143600464,Coconut,0.5797067880630493,Canary,0.5747888088226318
/m/02gzp,Dagger,Dagger,1.0,Handgun,0.667231559753418,Handgun,0.667231559753418,Shotgun,0.6311997175216675,Shotgun,0.6311997175216675
/m/04ctx,Knife,Knife,0.9999999403953552,Knife,0.9999999403953552,Knife,0.9999999403953552,Knife,0.9999999403953552,Kitchen knife,0.7423321604728699
/m/06c54,Rifle,Rifle,1.0000001192092896,Missile,0.7568843960762024,Missile,0.7568843960762024,Shotgun,0.7521100640296936,Shotgun,0.7521100640296936
/m/06nrc,Shotgun,Shotgun,1.0000001192092896,Handgun,0.8213270902633667,Handgun,0.8213270902633667,Rifle,0.7521100640296936,Rifle,0.7521100640296936
/m/07cmd,Tank,Tank,1.0,Tank,1.0,Truck,0.7535091042518616,Train,0.6518081426620483,Tent,0.622678816318512
/m/0c2jj,Axe,Axe,1.0000001192092896,Axe,1.0000001192092896,Axe,1.0000001192092896,Fox,0.6528223752975464,Rifle,0.6086536645889282
/m/0gxl3,Handgun,Handgun,1.000000238418579,Shotgun,0.8213270902633667,Shotgun,0.8213270902633667,Handbag,0.7588627338409424,Handbag,0.7588627338409424
/m/06y5r,Sword,Sword,1.000000238418579,Skull,0.7009667754173279,Skull,0.7009667754173279,Skull,0.7009667754173279,Knife,0.6878718733787537
/m/04ylt,Missile,Missile,0.9999997615814209,Rifle,0.7568843960762024,Rifle,0.7568843960762024,Shotgun,0.6747292280197144,Shotgun,0.6747292280197144
/m/0ct4f,Bomb,Bomb,1.000000238418579,Balloon,0.6650712490081787,Missile,0.6348702311515808,Missile,0.6348702311515808,Bust,0.605047345161438
/m/01432t,Cassette deck,Cassette deck,1.0,Desk,0.623248815536499,Wine rack,0.5930741429328918,Trumpet,0.5899491310119629,Trumpet,0.5899491310119629
/m/01b7fy,Headphones,Headphones,1.000000238418579,Microphone,0.8033880591392517,Microphone,0.8033880591392517,Earring,0.7361526489257812,Sunglasses,0.7228364944458008
/m/01c648,Laptop,Laptop,1.0000001192092896,Tablet computer,0.7107290029525757,Tablet computer,0.7107290029525757,Computer monitor,0.6675857305526733,Computer monitor,0.6675857305526733
/m/01m2v,Computer keyboard,Computer keyboard,1.0000001192092896,Musical keyboard,0.7799400091171265,Musical keyboard,0.7799399495124817,Musical keyboard,0.7799399495124817,Computer mouse,0.7749903202056885
/m/01m4t,Printer,Printer,1.0000001192092896,Paper cutter,0.7336680293083191,Mixer,0.6863060593605042,Mixer,0.6863060593605042,Grinder,0.662272036075592
/m/020lf,Computer mouse,Computer mouse,0.9999998807907104,Mouse,0.8557825088500977,Computer keyboard,0.7749903202056885,Computer keyboard,0.7749903202056885,Computer monitor,0.7691755294799805
/m/02522,Computer monitor,Computer monitor,1.0000001192092896,Computer mouse,0.7691755294799805,Computer mouse,0.7691755294799805,Tablet computer,0.7131154537200928,Tablet computer,0.7131154537200928
/m/03bbps,Power plugs and sockets,Power plugs and sockets,1.0,Light switch,0.6224671602249146,Light switch,0.6224671602249146,Light bulb,0.6041592955589294,Street light,0.600511908531189
/m/03jbxj,Light switch,Light switch,1.0000001192092896,Light bulb,0.7799646854400635,Street light,0.7766525149345398,Traffic light,0.731475293636322,Lamp,0.7159855365753174
/m/07c52,Television,Television,1.0,Football,0.6453180313110352,Football,0.6453180313110352,Train,0.6220400333404541,Scoreboard,0.618120014667511
/m/050k8,Mobile phone,Mobile phone,1.0000001192092896,Corded phone,0.7667373418807983,Corded phone,0.7667373418807983,Microphone,0.6835089921951294,Microphone,0.6835089921951294
/m/0h8lkj8,Corded phone,Corded phone,1.0,Mobile phone,0.7667373418807983,Mobile phone,0.7667373418807983,Band-aid,0.6246252655982971,Band-aid,0.6246252655982971
/m/0bh9flk,Tablet computer,Tablet computer,0.9999999403953552,Computer monitor,0.7131154537200928,Computer monitor,0.7131154537200928,Laptop,0.7107290029525757,Laptop,0.7107290029525757
/m/0hg7b,Microphone,Microphone,1.000000238418579,Headphones,0.8033880591392517,Headphones,0.8033880591392517,Saxophone,0.7087810039520264,Saxophone,0.7087810039520264
/m/0mcx2,Ipod,Ipod,1.0,Apple,0.714795708656311,Isopod,0.6731618642807007,Headphones,0.6235078573226929,Headphones,0.6235078573226929
/m/0qjjc,Remote control,Remote control,0.9999999403953552,Helicopter,0.627802848815918,Microphone,0.6144014596939087,Microphone,0.6144014596939087,Light switch,0.5954519510269165
/m/01599,Beer,Bee,0.6808227896690369,Bread,0.6439713835716248,Tea,0.6382128000259399,Barrel,0.6306818723678589,Barrel,0.6306818723678589
/m/024g6,Cocktail,Cocktail shaker,0.7877891063690186,Bottle,0.635209858417511,Bottle,0.635209858417511,Bottle,0.635209858417511,Tea,0.6311156749725342
/m/02vqfm,Coffee (drink),Coffee cup,0.7624219655990601,Coffee table,0.6838326454162598,Tea,0.63275146484375,Coffeemaker,0.6324852705001831,Coffeemaker,0.6324852705001831
/m/01z1kdw,Juice,Jug,0.6809919476509094,Jug,0.6809919476509094,Jug,0.6809919476509094,Cake,0.5984600186347961,Saucer,0.5969359874725342
/m/07clx,Tea,Coffee table,0.7334243059158325,Coffee cup,0.7136752009391785,Teapot,0.7008139491081238,Tie,0.6561276316642761,Tart,0.6445881128311157
/m/081qc,Wine,Wine glass,0.7967424988746643,Wine rack,0.7466051578521729,Violin,0.667658805847168,Violin,0.667658805847168,Grape,0.6387360692024231
/m/01bqk0,Bicycle wheel,Bicycle wheel,1.0000001192092896,Bicycle wheel,1.0,Bicycle wheel,1.0,Wheel,0.7613129615783691,Wheel,0.7613127827644348
/m/03c7gz,Door handle,Door handle,1.000000238418579,Human hand,0.7081136107444763,Human hand,0.7081136107444763,Human hand,0.7081136107444763,Window,0.6701492667198181
/m/03c7gz,Door handle,Door handle,1.000000238418579,Human hand,0.7081136107444763,Human hand,0.7081136107444763,Human hand,0.7081136107444763,Window,0.6701492667198181
/m/0d4v4,Window,Window blind,0.7628206014633179,Woman,0.676327645778656,Human eye,0.6751095652580261,Human eye,0.6751095652580261,Human eye,0.6751095652580261
/m/01lynh,Stairs,Ladder,0.7240875363349915,Ladder,0.7240875363349915,Treadmill,0.672942578792572,Treadmill,0.672942578792572,Chair,0.6673364043235779
/m/04m6gz,Porch,Torch,0.6818631291389465,Torch,0.6818631291389465,Bench,0.6783016324043274,Peach,0.6244385838508606,Wrench,0.621142566204071
/m/014sv8,Human eye,Human eye,0.9999999403953552,Human eye,0.9999999403953552,Human face,0.8611117601394653,Human face,0.8611117601394653,Human face,0.8611117601394653
/m/016m2d,Skull,Skull,1.0,Skull,1.0,Sword,0.7009667754173279,Sword,0.7009667754173279,Snake,0.6762771010398865
/m/04hgtk,Human head,Human head,1.0,Human head,1.0,Human face,0.8528882265090942,Human face,0.8528882265090942,Human face,0.8528882265090942
/m/0dzct,Human face,Human face,1.0,Human face,1.0,Human eye,0.8611117601394653,Human eye,0.8611117601394653,Human eye,0.8611117601394653
/m/0283dt1,Human mouth,Human mouth,1.0000001192092896,Human mouth,1.0000001192092896,Human nose,0.8081644773483276,Human nose,0.8081644773483276,Human nose,0.8081644773483276
/m/039xj_,Human ear,Human ear,1.0,Human ear,1.0,Human eye,0.7957192659378052,Human eye,0.7957192659378052,Human eye,0.7957192659378052
/m/0k0pj,Human nose,Human nose,1.0,Human nose,1.0,Human mouth,0.8081644773483276,Human mouth,0.8081644773483276,Human mouth,0.8081644773483276
/m/03q69,Human hair,Human hair,1.0000001192092896,Human hair,1.0000001192092896,Human head,0.8115745782852173,Human head,0.8115745782852173,Human head,0.8115745782852173
/m/0k65p,Human hand,Human hand,0.9999998807907104,Human hand,0.9999998807907104,Human arm,0.8564348220825195,Human arm,0.8564348220825195,Human arm,0.8564348220825195
/m/031n1,Human foot,Human foot,1.0000001192092896,Human foot,1.0000001192092896,Human leg,0.8986095786094666,Human leg,0.8986095786094666,Human leg,0.8986093401908875
/m/0dzf4,Human arm,Human arm,1.000000238418579,Human arm,1.000000238418579,Human hand,0.8564348220825195,Human hand,0.8564348220825195,Human hand,0.8564348220825195
/m/035r7c,Human leg,Human leg,1.0000001192092896,Human leg,1.0000001192092896,Human foot,0.8986095786094666,Human foot,0.8986095786094666,Human foot,0.8986095786094666
/m/015h_t,Beard,Beard,1.0,Beard,1.0,Lizard,0.6565685272216797,Human hair,0.649014949798584,Human hair,0.649014949798584
/m/014sv8,Human eye,Human eye,0.9999999403953552,Human eye,0.9999999403953552,Human face,0.8611117601394653,Human face,0.8611117601394653,Human face,0.8611117601394653
/m/016m2d,Skull,Skull,1.0,Skull,1.0,Sword,0.7009667754173279,Sword,0.7009667754173279,Snake,0.6762771010398865
/m/04hgtk,Human head,Human head,1.0,Human head,1.0,Human face,0.8528882265090942,Human face,0.8528882265090942,Human face,0.8528882265090942
/m/0dzct,Human face,Human face,1.0000001192092896,Human face,1.0,Human eye,0.8611117601394653,Human eye,0.8611117601394653,Human eye,0.8611117601394653
/m/0283dt1,Human mouth,Human mouth,1.000000238418579,Human mouth,1.0000001192092896,Human nose,0.8081645369529724,Human nose,0.8081644773483276,Human nose,0.8081644773483276
/m/039xj_,Human ear,Human ear,1.0000001192092896,Human ear,1.0,Human eye,0.7957192659378052,Human eye,0.7957192659378052,Human eye,0.7957192659378052
/m/0k0pj,Human nose,Human nose,1.0000001192092896,Human nose,1.0,Human mouth,0.8081645369529724,Human mouth,0.8081644773483276,Human mouth,0.8081644773483276
/m/03q69,Human hair,Human hair,1.000000238418579,Human hair,1.0000001192092896,Human head,0.8115745782852173,Human head,0.8115745782852173,Human head,0.8115745782852173
/m/0k65p,Human hand,Human hand,0.9999998807907104,Human hand,0.9999998807907104,Human arm,0.8564348220825195,Human arm,0.8564348220825195,Human arm,0.85643470287323
/m/031n1,Human foot,Human foot,1.0000001192092896,Human foot,1.0,Human leg,0.8986095786094666,Human leg,0.8986093401908875,Human leg,0.8986093401908875
/m/0dzf4,Human arm,Human arm,1.000000238418579,Human arm,1.0000001192092896,Human hand,0.8564348220825195,Human hand,0.8564348220825195,Human hand,0.85643470287323
/m/035r7c,Human leg,Human leg,1.0000001192092896,Human leg,1.0000001192092896,Human foot,0.8986093401908875,Human foot,0.8986093401908875,Human foot,0.8986093401908875
/m/015h_t,Beard,Beard,1.0,Beard,1.0,Lizard,0.6565686464309692,Human hair,0.6490147709846497,Human hair,0.6490147709846497
/m/01jfm_,Vehicle registration plate,Vehicle registration plate,0.9999998211860657,Stop sign,0.6032379269599915,Seat belt,0.5874675512313843,Seat belt,0.5874675512313843,Plate,0.5869231224060059
/m/083wq,Wheel,Wheel,1.0000001192092896,Bicycle wheel,0.7613129615783691,Bicycle wheel,0.7613129615783691,Bicycle wheel,0.7613129615783691,Bicycle wheel,0.76131272315979
/m/0dkzw,Seat belt,Seat belt,1.0000001192092896,Belt,0.6977989673614502,Sewing machine,0.6462522149085999,Earring,0.6372193098068237,Stool,0.6342422962188721
/m/0h9mv,Tire,Tire,1.0000001192092896,Tick,0.6674091219902039,Treadmill,0.6640675067901611,Treadmill,0.6640675067901611,Tiger,0.6540175080299377
/m/0djtd,Coconut,Doughnut,0.7606111764907837,Carrot,0.6711831092834473,Coat,0.6146196126937866,Parrot,0.5952501893043518,Cucumber,0.5890851616859436
